지점명,주소,위도,경도
이수역,서울특별시 서초구 동작대로 112 (방배동),37.4864664,126.98274029999993
이수역사거리,"서울특별시 서초구 서초대로 3-4 (방배동, 방배디오슈페리움1)",37.485850,126.983027
이수자이,서울특별시 동작구 사당로 300 (사당동 이수자이),37.484414,126.980047
방배카페거리,서울특별시 서초구 방배중앙로 162 (방배동),37.4934767,126.9865297
방배,서울특별시 서초구 방배로 211,37.491914,126.99049739999998
남성역,서울특별시 동작구 사당로 219 (사당동),37.4841198,126.9725739
내방역,서울특별시 서초구 방배로 184 (방배동) 대풍빌딩,37.490004,126.992455
사당역,"서울특별시 동작구 동작대로 21, 양지빌딩 1-3층 (사당동)",37.47849216,126.9813456
사당로데오,서울특별시 서초구 방배천로 5-4(방배동),37.4772752,126.98216049999996
방배다이치빌딩,서울특별시 서초구 방배로 114 (방배동),37.484329,126.995872
역삼아레나빌딩,서울특별시 강남구 언주로 425 (역삼동),37.501087,127.043069
논현역사거리,서울특별시 강남구 강남대로 538 (논현동),37.510178,127.022223
신사역성일빌딩,서울특별시 강남구 강남대로 584 (논현동),37.514132,127.020563
국기원사거리,서울특별시 강남구 테헤란로 125 (역삼동),37.499517,127.031495
대치재경빌딩R,서울특별시 강남구 남부순환로 2947 (대치동),37.494668,127.062583
봉은사역,서울특별시 강남구 봉은사로 619 (삼성동),37.515000,127.063196
압구정윤성빌딩,서울특별시 강남구 논현로 834 (신사동),37.5227934,127.0286009
코엑스별마당,서울특별시 강남구 영동대로 513 (삼성동),37.510150,127.060275
삼성역섬유센터R,서울특별시 강남구 테헤란로 518 (대치동),37.507750,127.060651
압구정R,서울특별시 강남구 언주로 861 (신사동),37.5273669,127.033061
수서역R,서울특별시 강남구 광평로 281 (수서동),37.488008,127.102650
양재강남빌딩R,서울특별시 강남구 남부순환로 2621 (도곡동),37.485192,127.036685
선릉동신빌딩R,서울특별시 강남구 테헤란로 409 (삼성동),37.505321,127.050409
봉은사로선정릉,서울특별시 강남구 봉은사로 446 (삼성동),37.511293,127.048409
강남오거리,서울특별시 강남구 봉은사로2길 39 (역삼동),37.502117,127.026672
스타필드코엑스몰R,서울특별시 강남구 영동대로 513 (삼성동) 코엑스 A106호,37.50999,127.061455
강남구청정문,서울특별시 강남구 학동로 419 (청담동),37.518181,127.045995
도곡공원,서울특별시 강남구 도곡로 205 (역삼동),37.492805,127.041309
강남R,서울특별시 강남구 강남대로 390 (역삼동),37.497711,127.028439
대치은마사거리,서울특별시 강남구 도곡로 457 (대치동),37.498973,127.060172
청담영동대로,서울특별시 강남구 영동대로 720 (청담동),37.522156,127.056449
압구정,서울특별시 강남구 압구정로30길 17 (신사동),37.526283,127.02956
신사가로수,서울특별시 강남구 가로수길 59 ,37.521933,127.022521
청담스타R,서울특별시 강남구 도산대로57길 24 (청담동),37.525216,127.041827
강남우성,서울특별시 강남구 강남대로 328 (역삼동),37.492396,127.030910
학동사거리,서울특별시 강남구 도산대로 328 (논현동),37.52236449999999,127.03795430000002
대치사거리,서울특별시 강남구 삼성로 402 (대치동),37.503331,127.058817
포스코사거리,서울특별시 강남구 테헤란로 505 (삼성동) 화진빌딩,37.5075307,127.05742710000004
을지병원사거리,"서울특별시 강남구 논현로 752 (논현동,구산빌딩)",37.5191632,127.0286446
신사역,서울특별시 강남구 도산대로 108 (논현동) 렉스타워,37.5162021,127.0207428
도곡역,서울특별시 강남구 남부순환로 2909 (대치동),37.492167,127.057398
서울세관사거리,서울특별시 강남구 언주로 650 (논현동) 한국건설기술인협회,37.514887,127.035653
청담사거리,서울특별시 강남구 도산대로 458 (청담동) 리츠타워,37.5236351,127.04686509999999
한티역,"서울특별시 강남구 도곡로 408, 디마크빌딩 101호 (대치동)",37.496801,127.055055
역삼초교사거리,서울특별시 강남구 역삼로 123 (역삼동),37.4941059,127.03299730000003
코엑스몰,서울특별시 강남구 영동대로 513 (삼성동) O103호,37.513715,127.059245
가로수길,"서울특별시 강남구 논현로175길 94, 1~2층 (신사동)",37.5231593,127.02162499999997
역삼대로,"서울특별시 강남구 테헤란로 211, 한국고등교육재단빌딩 1층 (역삼동)",37.501623,127.039375
역삼포스코,"서울특별시 강남구 테헤란로 134, P&S TOWER (역삼동)",37.499721,127.033582
강남대로,"서울특별시 강남구 강남대로 456, 한석타워 2층 1-2호 (역삼동)",37.50314,127.025546
청담,"서울특별시 강남구 도산대로 532, 인희빌딩 1층 (청담동)",37.5243631,127.05155990000003
삼성도심공항,서울특별시 강남구 테헤란로87길 33 (삼성동),37.5097863,127.05791339999996
삼성교,"서울특별시 강남구 영동대로86길 12, 동남유화빌딩 1층",37.507794,127.06517
학동역,서울특별시 강남구 논현로 704 (논현동),37.51464884,127.0307302
대치,서울특별시 강남구 도곡로 511 (대치동),37.49966175,127.0622171
SSG마켓도곡R,"서울특별시 강남구 언주로30길 57, 타워팰리스Ⅱ F 지하1층 (도곡동)",37.490298,127.054895
삼성,"서울특별시 강남구 테헤란로 443, 애플트리타워 1층 (삼성동)",37.50703529,127.0555503
선릉세화빌딩,서울특별시 강남구 테헤란로64길 18 (대치동) 1층,37.50377562,127.051196
압구정역,"서울특별시 강남구 압구정로 170, 관영빌딩 1층 지하1층 (신사동)",37.52674095,127.0281105
압구정로,서울특별시 강남구 압구정로42길 32 (신사동),37.52680046,127.0347174
구역삼사거리,서울특별시 강남구 논현로 401 (역삼동),37.49592355,127.0388645
큰길타워,"서울특별시 강남구 테헤란로 223, 큰길타워빌딩 (역삼동)",37.50236693,127.0407
강남구청역,"서울특별시 강남구 선릉로 669, 웰빙센터 1층 (논현동)",37.5165849,127.04124330000002
대치역,서울특별시 강남구 남부순환로 2936 (대치동) 107호,37.493554,127.061874
포이,서울특별시 강남구 논현로 88 (개포동),37.47781106,127.0451411
아크플레이스,서울특별시 강남구 테헤란로 142 (역삼동),37.49971982,127.0349084
학여울역,서울특별시 강남구 영동대로 215 (대치동),37.49803646,127.0684943
선정릉역,서울특별시 강남구 봉은사로 407 (삼성동) 에프오빌딩,37.51075489999999,127.04455970000003
삼성현대힐,서울특별시 강남구 삼성로 605 (삼성동),37.51354184,127.0527183
GS타워,서울특별시 강남구 논현로 508 (역삼동),37.5018592,127.03727759999992
압구정미소,서울특별시 강남구 논현로 841 (신사동),37.52405601,127.027915
선릉역,"서울특별시 강남구 테헤란로 334, LG화재 빌딩 (역삼동)",37.50393894,127.0485135
코엑스사거리,서울특별시 강남구 영동대로 616 (삼성동),37.515351,127.060109
역삼럭키,서울특별시 강남구 도곡로 183 (역삼동),37.492209,127.039389
차병원사거리,"서울특별시 강남구 봉은사로 213, 센트럴타워 (논현동)",37.508032,127.035373
청담공원,서울특별시 강남구 학동로 506 (삼성동),37.5186549,127.05143870000006
신압구정,서울특별시 강남구 언주로174길 29 (신사동),37.528115,127.036441
아크로힐스논현,"서울특별시 강남구 봉은사로 304, 금강빌딩 1-2층 (역삼동)",37.50898041,127.0403869
강남비젼타워,"서울특별시 강남구 테헤란로2길 27, 1층 101호 (역삼동)",37.4964557,127.02968850000002
역삼역,"서울특별시 강남구 테헤란로 145, 우신빌딩 1층 (역삼동)",37.50080096,127.0351577
압구정로데오역,"서울특별시 강남구 선릉로 836, 삼원빌딩 1,2층 (청담동)",37.526549,127.040437
르네상스사거리,서울특별시 강남구 테헤란로 306 (역삼동),37.502721,127.044308
포스코,"서울특별시 강남구 삼성로86길 7, 1층 (대치동)",37.50576,127.057966
선릉로,"서울특별시 강남구 선릉로93길 22, 대흥빌딩 1층 (역삼동)",37.505053,127.046577
논현힐탑,서울특별시 강남구 논현로 648 (논현동),37.5115577,127.03226199999994
도산가로수길,"서울특별시 강남구 도산대로 134, 2층 (논현동)",37.51736229999999,127.02329570000006
대치한티,서울특별시 강남구 선릉로 324 (대치동),37.4984818,127.0520660
수서역사거리,서울특별시 강남구 광평로 280 (수서동),37.4873267937748,127.103140081887
코엑스아셈타워,서울특별시 강남구 영동대로 517 (삼성동),37.513019,127.059838
센터필드R,서울특별시 강남구 테헤란로 231 (역삼동),37.50369465391196,127.04172081609172
도산사거리,서울특별시 강남구 언주로 727 (논현동),37.51966,127.0341
강남세곡,서울특별시 강남구 헌릉로569길 18 (세곡동),37.467274319644,127.099929726
대치삼성프라자,서울특별시 강남구 영동대로 237 (대치동),37.500313,127.066961
강남역신분당역사,서울특별시 강남구 강남대로 396 (역삼동),37.4970572543978,127.028180714381
테헤란로아남타워,서울특별시 강남구 테헤란로 311 (역삼동),37.50383,127.04487
강남논현,서울특별시 강남구 강남대로 512 (논현동),37.5078978596254,127.023338614644
삼성동,서울특별시 강남구 영동대로96길 12 (삼성동),37.510843366121534,127.06363342044263
역삼이마트,서울특별시 강남구 역삼로 310 (역삼동),37.499367,127.048425
미아뉴타운,서울특별시 강북구 삼양로 161 (미아동),37.618319,127.021072
강북구청사거리,서울특별시 강북구 도봉로 365 (수유동),37.6400354,127.0273766
미아사거리역,서울특별시 강북구 도봉로 32 (미아동),37.611809,127.0306971
수유역,서울특별시 강북구 도봉로 342 (번동),37.6380167,127.02613500000007
미아역,서울특별시 강북구 도봉로 196 (미아동),37.626148,127.026578
파라스파라서울,서울특별시 강북구 삼양로 689 (우이동) 파라스파라서울 지하1층,37.664380074618,127.008566467101
발산역사거리,서울특별시 강서구 공항대로 248 (마곡동),37.558509,126.835096
마곡역,서울특별시 강서구 공항대로 168 (마곡동),37.559611,126.826298
우장산역,서울특별시 강서구 강서로 267 (내발산동),37.549501,126.835984
마곡사이언스타워R,서울특별시 강서구 마곡동로 62 (마곡동),37.5605261,126.833887
방화DT,서울특별시 강서구 방화대로 375 (방화동),37.574339,126.816415
마곡나루역,서울특별시 강서구 마곡중앙로 161-17 (마곡동),37.56813,126.82614
마곡GMG,"서울특별시 강서구 마곡중앙6로 16 (마곡동) 117,118,119,120호",37.560487,126.829667
가양역,서울특별시 강서구 양천로 476 (등촌동),37.561640,126.853327
화곡DT,서울특별시 강서구 등촌로 57 (화곡동),37.535149,126.863232
양천향교역,서울특별시 강서구 강서로 463 (마곡동),37.566964,126.840731
화곡동,서울특별시 강서구 화곡로 142(화곡동),37.5405115,126.8372413
등촌,서울특별시 강서구 공항대로 329 (등촌동),37.5582043,126.84433919999992
염창역,서울특별시 강서구 공항대로 627 (염창동),37.547359,126.874436
발산역,서울특별시 강서구 강서로 388 (등촌동) 그랜드마트,37.56033,126.839279
가양이마트,서울특별시 강서구 양천로 559 (가양동) 1층,37.5578966,126.86229779999996
까치산역,서울특별시 강서구 강서로13길 3 (화곡동),37.532303,126.846077
등촌대로,"서울특별시 강서구 공항대로 543 (염창동, 센터스퀘어)",37.55101,126.86638
가양역사거리,"서울특별시 강서구 화곡로 416 (등촌동) 가양더스카이벨리5차 지식산업센터 101, 102, 114,~117호",37.56007,126.855372
내발산,"서울특별시 강서구 강서로 323 (내발산동), 101/102호",37.55467,126.83672
마곡웰튼,"서울특별시 강서구 마곡중앙5로 22 (마곡동), 104/105/106호",37.56754,126.82553
강서NC,서울특별시 강서구 강서로56길 17 (등촌동),37.560088,126.840534
마곡나루공원,서울특별시 강서구 마곡중앙5로 47 (마곡동),37.567007,126.822246
강서구청사거리,서울특별시 강서구 화곡로 350 (화곡동),37.5549266,126.8523133
낙성대역,서울특별시 관악구 남부순환로 1908 (봉천동),37.477946,126.961193
관악서울대입구R,서울특별시 관악구 관악로 158 (봉천동),37.479343,126.95278
신림DT,서울특별시 관악구 남부순환로 1419 (신림동),37.480935,126.908407
서울대역,서울특별시 관악구 남부순환로 1817 (봉천동),37.481599,126.952200
낙성대DT,서울특별시 관악구 남부순환로 1948 (봉천동),37.476169,126.965005
사당,서울특별시 관악구 남부순환로 2082-25,37.47601,126.980997
보라매대교,서울특별시 관악구 보라매로3길 23 (봉천동) 1층,37.491449,126.925432
신림사거리,서울특별시 관악구 남부순환로 1619 (신림동),37.484768,126.930467
신림,서울특별시 관악구 신림로 355-1 (신림동),37.48609493,126.9291602
신림타임스트림,서울특별시 관악구 신림로 330 타임스트림 1층,37.48385383,126.9301799
서울대입구역,서울특별시 관악구 남부순환로 1812 (봉천동),37.48118,126.951324
봉천역,서울특별시 관악구 남부순환로 1730 (봉천동),37.4820375340064,126.942287792538
건국대,서울특별시 광진구 능동로 117 (화양동),37.5415592,127.0711244
어린이대공원역,서울특별시 광진구 능동로 243 (군자동),37.551946,127.076404
아차산역,서울특별시 광진구 천호대로 676 (구의동),37.5505388,127.0898757
올림픽대교북단,서울특별시 광진구 광나루로 608 (구의동),37.541129,127.095240
구의DT,서울특별시 광진구 광나루로 519 (구의동),37.5451984,127.0871587
자양사거리,서울특별시 광진구 아차산로 355,37.5371158,127.0825821
군자역,서울특별시 광진구 천호대로 548 (군자동) 중앙빌딩,37.556965,127.079032
광나루,"서울특별시 광진구 아차산로 607, 1,2층 (광장동)",37.547442,127.105934
건대스타시티,서울특별시 광진구 아차산로 262 (자양동),37.538544,127.073009
자양,서울특별시 광진구 능동로 50 (자양동),37.5354769,127.06914619999998
강변역,서울특별시 광진구 구의강변로 64 (구의동) 구의아크로리버,37.536155,127.093086
건대입구,서울특별시 광진구 능동로 107 (화양동),37.5406604,127.07072249999999
구의역,서울특별시 광진구 아차산로 373 (구의동),37.53698,127.084015
광장,서울특별시 광진구 아차산로 537-17 (광장동),37.542518,127.099651
건국클래식,서울특별시 광진구 능동로 90 (자양동) 더 클래식500,37.538466,127.071271
건대후문,서울특별시 광진구 능동로 172 (화양동),37.5460180138476,127.074001181744
중곡역,"서울특별시 광진구 능동로 400 (중곡동) 1층 108,109,110,111,112,118 6개호실",37.5650109508732,127.08459679908
자양이마트,서울특별시 광진구 아차산로 272 (자양동) 지하1층,37.537817,127.072597
뚝섬유원지역,"서울특별시 광진구 능동로 18 (자양동, 이튼타워리버3차)",37.532684640479,127.067878503557
군자사거리,서울특별시 광진구 천호대로 549 (중곡동) 1층,37.5575666,127.0793340
금천구청역,"서울특별시 금천구 시흥대로73길 67 (시흥동)112,113,114,115호",37.455983,126.895727
가산에스케이,서울특별시 금천구 가산디지털1로 171 (가산동),37.48061318,126.8805702
독산사거리,서울특별시 금천구 시흥대로 426 (독산동),37.471528328745485,126.89856062315228
금천시흥,서울특별시 금천구 시흥대로 164 (시흥동),37.448624,126.903183
가산디지털단지역,서울특별시 금천구 벚꽃로 298 (가산동),37.481324,126.883779
금천독산,서울특별시 금천구 두산로 70 (독산동),37.46914,126.895246
가산디지털,서울특별시 금천구 가산디지털1로 168 (가산동),37.4798346,126.88249969999992
W-Mall,서울특별시 금천구 디지털로 188 (가산동),37.47730499,126.8876908
마리오아울렛,서울특별시 금천구 벚꽃로 266 마리오아울렛3관,37.478701,126.885076
가산브이타워,서울특별시 금천구 가산디지털1로 128 (가산동),37.477221,126.883683
가산그레이트,"서울특별시 금천구 디지털로9길 32, 갑을그레이트밸리 1층 (가산동)",37.4794491,126.88747680000006
독산역,"서울특별시 금천구 가산디지털1로 16 (가산동), 107-2, 108, 109호",37.4676446,126.8876698
월계역,"서울특별시 노원구 초안산로2라길26 월계동(104,105,106호)",37.6295,127.0574
월계트레이더스,서울특별시 노원구 마들로3길 15 (월계동),37.6277053,127.06149779999998
상계초교사거리,서울특별시 노원구 노원로 449 (상계동),37.656776,127.066442
공릉DT,서울특별시 노원구 동일로 1015 (공릉동),37.6206884,127.0743116
노원마들역,"서울특별시 노원구 노원로 569 (상계동, 임광아파트)",37.660941,127.058008
공릉역,서울특별시 노원구 동일로 1081 (공릉동),37.626337,127.072252
은행사거리,"서울특별시 노원구 중계로 217, 중흥빌딩 103,203호 (중계동)",37.65048737,127.0759861
노원KT,"서울특별시 노원구 노해로 502, (주)KT 노원사옥 (상계동)",37.654562,127.063617
광운대,서울특별시 노원구 석계로 104 (월계동),37.6231479,127.06070090000003
중계역,"서울특별시 노원구 동일로 1339, 대한빌딩 (상계동)",37.64817,127.062244
노원역,서울특별시 노원구 동일로 1413 (상계동) 1층,37.654751,127.060034
월계이마트,서울특별시 노원구 마들로3길 15 (월계동),37.627155,127.062094
태릉입구역DT,서울특별시 노원구 화랑로 469 (공릉동),37.61942,127.07932
창동이마트,서울특별시 도봉구 노해로65길 4 (창동),37.651645,127.046869
쌍문역,서울특별시 도봉구 도봉로 480 (창동),37.648456,127.034783
쌍문도봉로,서울특별시 도봉구 도봉로 444 (창동),37.6453516,127.0331011
방학역,"서울특별시 도봉구 도봉로 684 (방학동)101,102,113,114,115호",37.6653125,127.0433125
노량진동,"서울특별시 동작구 노량진로 190 (노량진동, 고려교육타워-어바니엘한강) 101호~105호",37.513068,126.946537
상도역,서울특별시 동작구 상도로37길 1 (상도1동),37.5031936,126.9484581
보라매공원R,"서울특별시 동작구 보라매로5길 35 (신대방동, 파크스퀘어,보라매현대APT)",37.49226212712864,126.92334570798292
노량진역,서울특별시 동작구 노량진로 134 (노량진동),37.513390,126.940879
신대방삼거리역,서울특별시 동작구 상도로 102 (상도동),37.499914,126.931766
중앙대,서울특별시 동작구 흑석로 75-1 (흑석동),37.506933,126.958125
숭실대입구역,서울특별시 동작구 상도로 354 (상도동),37.4968346,126.95271230000003
숭실대,서울특별시 동작구 사당로 4 (상도동),37.49538073,126.9548891
서강대프라자,서울특별시 마포구 백범로 35 (신수동),37.551073,126.943096
상암YTN,서울특별시 마포구 상암산로 76 (상암동),37.579183,126.892315
마포용강동,서울특별시 마포구 토정로 295 (용강동),37.541186,126.942209
홍대입구역사거리R,서울특별시 마포구 양화로 125 (서교동),37.554636,126.92036
마포경찰서후문,서울특별시 마포구 마포대로 173-14 (아현동),37.550800,126.953432
공덕,서울특별시 마포구 마포대로 130 (공덕동),37.545913,126.952956
합정폴리스R,"서울특별시 마포구 양화로 45 (서교동, 메세나폴리스)",37.5509,126.9134
홍대공항철도역,서울특별시 마포구 양화로 178 (동교동),37.557491,126.925146
마포염리,서울특별시 마포구 독막로 311 (염리동),37.543876,126.947680
서강광흥창역,서울특별시 마포구 서강로 69 (창전동),37.549377,126.931661
합정,"서울특별시 마포구 월드컵로1길 14 (합정동) 마포한강푸르지오 110, 111, 112-2",37.549630,126.912999
서강대흥역,서울특별시 마포구 백범로 89-5 (대흥동),37.548178,126.941576
서교동사거리,서울특별시 마포구 양화로 105 (서교동),37.553376,126.918564
상암사보이시티,서울특별시 마포구 월드컵북로54길 17 (상암동),37.581470,126.888983
신촌오거리,서울특별시 마포구 신촌로16길 10 (노고산동),37.555137,126.934694
상암디지털큐브,서울특별시 마포구 상암산로 34,37.5763132,126.8892477
상수역,서울특별시 마포구 독막로 88 (상수동),37.5474817,126.92321579999998
공덕오거리,서울특별시 마포구 마포대로 86 (도화동) 창강빌딩,37.5424641,126.95057730000008
서강대,서울특별시 마포구 백범로 23 (신수동),37.5524584,126.9378262
상암MBC,서울특별시 마포구 성암로 267 (상암동),37.581297,126.890908
홍대역,"서울특별시 마포구 양화로 165, 상진빌딩 1층 (동교동)",37.557175,126.923654
동교,"서울특별시 마포구 월드컵북로 22, 영준빌딩 1층 (동교동)",37.556928,126.919819
애오개역,"서울특별시 마포구 마포대로 201, 마포트라팰리스II (아현동)",37.55218737,126.9555203
상암DMC,"서울특별시 마포구 월드컵북로 375, DMC이안오피스텔1단지 102호,202호 (상암동)",37.577623,126.890684
마포일진빌딩,"서울특별시 마포구 마포대로 45, 일진빌딩 1층 (도화동)",37.54043451,126.9463168
마포아크로,서울특별시 마포구 마포대로 68 (도화동) 마포아크로타워,37.54145556,126.948819
홍대삼거리,서울특별시 마포구 와우산로 64 (상수동),37.550266,126.923179
망원역,서울특별시 마포구 월드컵로 74 (서교동),37.555829,126.910637
마포이마트,서울특별시 마포구 백범로 212 (신공덕동) 마포이마트,37.542421,126.953341
합정메세나몰,"서울특별시 마포구 양화로 45 (서교동, 메세나폴리스)",37.551004,126.913848
아현역대로,서울특별시 마포구 신촌로 262 (아현동),37.557097,126.954834
홍대역8번출구,서울특별시 마포구 양화로 166 (동교동),37.556743503599,126.924166543608
망원한강공원,서울특별시 마포구 마포나루길 435 (망원동),37.5545625,126.8956875
가재울뉴타운,"서울특별시 서대문구 가재울미래로 2 (남가좌동, DMC파크뷰자이)",37.5749841,126.9164441
남가좌사거리,"서울특별시 서대문구 거북골로 84 (남가좌동, DMC에코자이104동)",37.577386,126.920815
신촌역,서울특별시 서대문구 신촌로 73 (창천동),37.556167,126.934673
연희동,서울특별시 서대문구 연희로 97 (연희동),37.566702,126.930475
아현역,"서울특별시 서대문구 신촌로35길 10 (북아현동, E편한세상신촌 4단지)",37.558421,126.956349
홍제역,서울특별시 서대문구 통일로 451 (홍제동),37.588658,126.943864
연세백양로,서울특별시 서대문구 연세로 50 (신촌동) 연세대학교,37.562644,126.937529
연희DT,서울특별시 서대문구 연희로 144 (연희동),37.5702143,126.9339777
경기대,서울특별시 서대문구 충정로 53 (충정로2가),37.56367995,126.9646045
신촌,서울특별시 서대문구 연세로 10-1 (창천동),37.55648577,126.9371155
이대R,서울특별시 서대문구 이화여대길 34 (대현동),37.55848315,126.9459643
연세종합관,"서울특별시 서대문구 연세로 50, 연세세브란스 종합관 (신촌동)",37.56177145,126.9414708
이대ECC,서울특별시 서대문구 이화여대길 52 (대현동) 이화여자대학교 B415호,37.561631,126.94735
연대,서울특별시 서대문구 연세로 35 (창천동),37.558706,126.936727
신촌아트레온,서울특별시 서대문구 신촌로 129 (창천동),37.556505,126.940238
충정로역,서울특별시 서대문구 충정로 23,37.56137,126.963219
연대동문,서울특별시 서대문구 성산로 565 (대신동),37.566385,126.946273
신촌명물거리,"서울특별시 서대문구 명물길 24, 1-5층 (창천동)",37.557796,126.938095
충정타워,"서울특별시 서대문구 서소문로 21, 충정타워빌딩 1층 (충정로3가)",37.559869,126.964110
북가좌DT,서울특별시 서대문구 응암로 85 (북가좌동),37.580758,126.911478
현대신촌,서울특별시 서대문구 신촌로 83 (창천동),37.5560830579515,126.935844876509
방배로,서울특별시 서초구 방배로 52 (방배동),37.4793434,126.9994968
강남교보타워R,서울특별시 서초구 강남대로 465 (서초동),37.503789,127.024075
센트럴F1,서울특별시 서초구 신반포로 176 (반포동),37.505148,127.004395
서초역이화빌딩,서울특별시 서초구 반포대로21길 3 (서초동),37.487931,127.009126
서초구청,서울특별시 서초구 남부순환로 2557 (서초동),37.484206,127.030103
서초우성사거리,서울특별시 서초구 강남대로 343 (서초동),37.493545,127.029430
강남대로신사,서울특별시 서초구 강남대로 595 (잠원동),37.514890,127.019469
서울고속터미널,서울특별시 서초구 신반포로 194 (반포동),37.504406,127.005648
강남대로논현R,서울특별시 서초구 강남대로85길 5 (반포동),37.507413,127.022568
서초법원,서울특별시 서초구 서초대로 274 (서초동),37.492970,127.011875
청계산입구역,서울특별시 서초구 청계산로 203 (신원동),37.447323,127.056250
파미에파크R,서울특별시 서초구 사평대로 205 (반포동) CENTRALCITY,37.5030521,127.004362
교대역,서울특별시 서초구 서초중앙로 138 (서초동) 우림빌딩,37.494207,127.01394
양재역,서울특별시 서초구 강남대로 202 (양재동) 모산빌딩,37.4820475,127.0367682
논현역,서울특별시 서초구 강남대로 557 (잠원동) 1~2층,37.5111983,127.0205875
서초파라곤,서울특별시 서초구 서초대로74길 29 (서초동) 서초파라곤,37.494941,127.027422
서울아트센터,서울특별시 서초구 남부순환로 2395 (서초동) 호경빌딩,37.480866,127.012368
서초중앙로,서울특별시 서초구 서초중앙로 225,37.501691,127.01152
센트럴시티,서울특별시 서초구 신반포로 176 (반포동),37.504707,127.004459
강남삼성타운,서울특별시 서초구 서초대로78길 24 (서초동),37.49562035,127.0277144
방배역,서울특별시 서초구 방배로 84 (방배동),37.48200755,126.9976438
반포역,서울특별시 서초구 신반포로 257 (잠원동) 신반포11차상가,37.508589,127.011959
남부터미널,"서울특별시 서초구 서초중앙로 26, 래미안서초유니빌 1층 101호 (서초동)",37.48467334,127.0169464
뉴코아강남,서울특별시 서초구 잠원로 69 (잠원동) 킴스클럽,37.51031339,127.0069582
강남2,"서울특별시 서초구 서초대로77길 27, 유빌딩 1,2층 (서초동)",37.5000875,127.02549090000002
교대,서울특별시 서초구 서초중앙로 118 (서초동),37.4923611,127.0142207
하이브랜드,"서울특별시 서초구 매헌로 16, 리빙관 101호 (양재동)",37.46330766,127.0368447
신논현역,서울특별시 서초구 강남대로 483 (반포동) 청호빌딩,37.50529,127.023636
영동2교,"서울특별시 서초구 논현로 139, 대흥빌딩 (양재동)",37.48203954,127.0425748
남부터미널2,서울특별시 서초구 효령로 274 (서초동),37.48436736,127.0142192
서래마을입구,서울특별시 서초구 서래로 48 (반포동),37.49925284,126.9984801
몬테소리,서울특별시 서초구 강남대로 399 (서초동),37.4982695,127.026865
서초역,서울특별시 서초구 반포대로 118 (서초동),37.49067495,127.0086118
교대법원,서울특별시 서초구 서초중앙로 164 (서초동),37.496329,127.013336
강남GT타워,"서울특별시 서초구 서초대로 411, GT타워 (서초동)",37.498056,127.02583300000003
서초동,"서울특별시 서초구 남부순환로339길 64, 현우빌딩 1층 (서초동)",37.485941,127.021525
서울교대,"서울특별시 서초구 서초중앙로 64, 1층 (서초동)",37.487397,127.015134
강남에비뉴,"서울특별시 서초구 서초대로77길 62, 강남역아이파크 B102~B105 (서초동)",37.5027,127.023894
반포자이,서울특별시 서초구 잠원로 24 (반포동),37.507170475349405,127.0099189083483
서이초교사거리,서울특별시 서초구 사임당로 143 (서초동),37.4918146,127.0252252
서울웨이브아트센터,서울특별시 서초구 잠원로 145-35 (잠원동),37.518807,127.00704
길음역,서울특별시 성북구 정릉로 376 (돈암동),37.602139,127.025271
미아이마트,서울특별시 성북구 도봉로 17 (길음동),37.610678,127.029921
종암DT,서울특별시 성북구 종암로 17 (종암동),37.5919525,127.0360401
미아,서울특별시 성북구 동소문로 314 (하월곡동),37.607581,127.029303
성신여대정문,서울특별시 성북구 보문로34길 62 (동선동2가),37.590910,127.018800
종암,서울특별시 성북구 종암로 122 (종암동),37.601095,127.033847
삼선교,서울특별시 성북구 동소문로 10 (동소문동2가),37.588696,127.00732070000003
월곡역,"서울특별시 성북구 화랑로 76, 101-1호 (하월곡동)",37.601718,127.040446
고대,서울특별시 성북구 고려대로24길 51 (안암동5가),37.58397192,127.0297352
현대미아,서울특별시 성북구 동소문로 315 (길음동) 지하1층,37.60837822,127.0287483
성신여대,서울특별시 성북구 동소문로24길 12 (동선동1가),37.593135,127.018379
안암역,서울특별시 성북구 고려대로 102-2 (안암동5가),37.586319,127.030556
한성대입구역,서울특별시 성북구 성북로 11 (성북동1가),37.589054,127.004839
장위뉴타운,서울특별시 성북구 장월로38길 4 (장위동),37.6179568965998,127.051535709778
송파나루역DT,서울특별시 송파구 오금로 142 (송파동),37.510793,127.1102658
송파헬리오시티,"서울특별시 송파구 송파대로 345 (가락동, 헬리오시티)",37.4978563,127.1031325
잠실시그마타워,서울특별시 송파구 올림픽로 289 (신천동),37.514567,127.102493
문정법원로R,서울특별시 송파구 송파대로 201 (문정동),37.487447,127.119164
송파개롱역,서울특별시 송파구 오금로 420 (가락동),37.496956,127.13652
문정하비오,"서울특별시 송파구 송파대로 111 (문정동, 파크하비오) 204동 104호~107호",37.481925,127.123446
문정역,"서울특별시 송파구 송파대로 167 (문정동)테라타워 B동 137호~139호,204호",37.484813,127.122237
잠실대교남단R,서울특별시 송파구 송파대로 570 타워 730 1층,37.515511,127.099006
송파위례,"서울특별시 송파구 위례광장로 230 (장지동, 위례2차아이파크)",37.478264,127.144067
송파방이DT,서울특별시 송파구 오금로 241 (방이동),37.506564,127.120495
올림픽평화의문,서울특별시 송파구 위례성대로 38 (방이동) 해태그린피아빌라트,37.5156426,127.11648190000005
송파아이파크,서울특별시 송파구 법원로 55 (문정동),37.479892,127.122379
송파사거리,서울특별시 송파구 송파대로 386 (송파동),37.5022788,127.1103904
석촌서호,서울특별시 송파구 석촌호수로 176 (삼전동),37.5063929,127.0964684
문정로데오,서울특별시 송파구 동남로 141 (가락동),37.491905,127.1262696
올림픽훼미리,서울특별시 송파구 중대로 68 (문정동),37.491626,127.116308
올림픽공원남문,서울특별시 송파구 위례성대로 102 (방이동),37.5133,127.123113
방이역,"서울특별시 송파구 마천로 53, 1~2층 (오금동)",37.508666,127.126569
석촌호수,서울특별시 송파구 석촌호수로 262 (송파동),37.509581,127.104993
잠실푸르지오월드,"서울특별시 송파구 올림픽로35가길 9, 잠실푸르지오월드마크 1층 (신천동)",37.517649,127.103426
잠실새내역,서울특별시 송파구 올림픽로 96 (잠실동),37.511679,127.081062
잠실역,"서울특별시 송파구 송파대로 562 (신천동, 웰리스타워,삼성웰리스아파트) 1층,2층",37.515272,127.099231
갤러리아팰리스,"서울특별시 송파구 올림픽로 212, 갤러리아 팰리스 (잠실동)",37.51108365,127.0938059
아시아선수촌,서울특별시 송파구 백제고분로 69 (잠실동),37.510590,127.079047
올림픽아파트,서울특별시 송파구 양재대로 1220 (방이동),37.515315,127.133237
가락본동,서울특별시 송파구 송파대로30길 13 (가락동),37.494895,127.118785
석촌역,"서울특별시 송파구 백제고분로 358, 1층 (석촌동)",37.5042626,127.10610769999994
가락시장역,"서울특별시 송파구 중대로 121, 롯데캐슬 파인힐 1층 (가락동)",37.494299,127.121354
가든파이브,서울특별시 송파구 충민로 10 (문정동) 가든파이브툴,37.4782316,127.11937030000001
송파NC,서울특별시 송파구 충민로 66 (문정동)  가든파이브라이프 패션관1층,37.4778761,127.12567478
몽촌토성역,서울특별시 송파구 위례성대로 6 (방이동),37.516913,127.113127
송파KT,"서울특별시 송파구 잠실로 209 (신천동), 오피스빌딩 1층 2~4호",37.5139991,127.1063026
송파마천사거리DT,서울특별시 송파구 거마로 78 (마천동),37.499829,127.147672
목동파리공원,서울특별시 양천구 목동동로 377 (목동),37.535336,126.878852
등촌역,서울특별시 양천구 공항대로 566 (목동) 1층 2층,37.548884,126.86807
목동행복한,서울특별시 양천구 목동동로 309 (목동),37.529147,126.876099
신정DT,서울특별시 양천구 신월로 341 (신정동),37.521993,126.858865
목동역,서울특별시 양천구 목동로 203 (신정동) 1층일부,37.526684,126.863986
목동오목로,"서울특별시 양천구 오목로 279 (목동) 102,103,104,105호",37.525923,126.868438
목동8단지,서울특별시 양천구 목동서로 299 (신정동),37.520518,126.868841
오목교역,서울특별시 양천구 오목로 354 (목동),37.5235882,126.87652120000007
신월IC DT,서울특별시 양천구 남부순환로 430 (신월동),37.5294984,126.831983
목동7단지,서울특별시 양천구 목동서로 213 (목동) 세신비젼프라자,37.528012,126.87053
목동5단지,"서울특별시 양천구 목동동로 411, 1동 116호(목동, 부영그린타운3차)",37.536706,126.88212
목동,서울특별시 양천구 목동서로 67 (목동) 우성에펠타운,37.53638383,126.8785597
현대목동,"서울특별시 양천구 목동동로 257 (목동, 현대하이페리온) 지하2층",37.526848,126.875023
목동파라곤,"서울특별시 양천구 목동서로 155, 목동파라곤 1층 (목동)",37.52947,126.874996
목동트라팰리스,서울특별시 양천구 오목로 299 (목동),37.5255,126.8702
목동10단지,"서울특별시 양천구 목동서로 401 (신정동, 대림아크로빌), 상가A동 101,101-1호",37.515425616177,126.859603067999
신월동DT,서울특별시 양천구 남부순환로 319 (신월동),37.5382923530559,126.827101409243
타임스퀘어R,서울특별시 영등포구 영중로 15 지하 1층 (영등포동4가),37.51755,126.90516
샛강역,서울특별시 영등포구 여의대방로 376 (여의도동),37.5183551,126.9312716
영등포역,서울특별시 영등포구 경인로 870 (영등포동1가),37.5169614,126.9091390
당산대로,서울특별시 영등포구 양평로 22 (당산동6가),37.533121,126.903804
여의도IFC몰(L1)R,서울특별시 영등포구 국제금융로 10 (여의도동)  지하1층 178호,37.525127,126.925508
여의도KBS R,서울특별시 영등포구 의사당대로 26 (여의도동),37.526596,126.918456
여의도화재보험,서울특별시 영등포구 국제금융로6길 38 (여의도동),37.521345,126.926004
국회대로,서울특별시 영등포구 국회대로 786 (여의도동),37.530260,126.919549
영등포KT,서울특별시 영등포구 영중로 119 (영등포동8가),37.526419,126.905314
여의도공원R,서울특별시 영등포구 여의공원로 101 (여의도동),37.529231,126.924872
국회의사당역,서울특별시 영등포구 의사당대로 8 (여의도동),37.527831,126.916882
선유도역,서울특별시 영등포구 양평로 115 (양평동4가),37.537268,126.894594
여의도역R,서울특별시 영등포구 의사당대로 83 (여의도동) 1층,37.523328,126.923439
선유동이레빌딩,서울특별시 영등포구 선유동2로 57 (양평제1동) 이레빌딩,37.534109,126.896912
동여의도,서울특별시 영등포구 국제금융로 86 (여의도동) 롯데캐슬 아이비,37.5199494,126.9317957
여의도ABL타워,서울특별시 영등포구 의사당대로 147 (여의도동) 알리안츠타워,37.518749,126.92779
영등포신길,"서울특별시 영등포구 신길로 137 (신길동) 1,2층",37.504566,126.910073
문래역,서울특별시 영등포구 당산로 34 (문래동3가),37.517446,126.895258
당산,서울특별시 영등포구 양평로 64 (당산동6가),37.535164,126.899942
여의도한양증권,서울특별시 영등포구 국제금융로6길 7 (여의도동) 한양증권,37.522418,126.929093
여의도일신,서울특별시 영등포구 은행로 11 (여의도동) 1층 1부,37.528,126.920103
신세계타임스퀘어B2,"서울특별시 영등포구 영중로 9, 신세계타임스퀘어점 리빙관 지하2층 (영등포동4가)",37.517162,126.905608
하이테크시티,서울특별시 영등포구 경인로 775 (문래동3가) 에이스하이테크시티,37.51467062,126.8986474
여의도,서울특별시 영등포구 국제금융로2길 28 (여의도동),37.52403519,126.9245179
롯데캐슬여의도,"서울특별시 영등포구 의사당대로 127 (여의도동, 롯데캐슬엠파이어) 1층 104호",37.52025214,126.9263678
문래동,"서울특별시 영등포구 선유로 64, 대창타운빌 1층 (문래동3가)",37.519602,126.889652
신세계타임스퀘어1F,"서울특별시 영등포구 영중로 9, 신세계백화점 리빙관 1층 (영등포동4가)",37.517162,126.905608
여의도호성,"서울특별시 영등포구 여의대방로65길 24, 호성빌딩 1층 (여의도동)",37.520176,126.929426
타임스퀘어B2,"서울특별시 영등포구 영중로 15, 지하2층 (영등포동4가)",37.516985,126.903387
영등포본동,서울특별시 영등포구 영등포로 254 (영등포동3가),37.518713,126.909559
타임스퀘어2F,서울특별시 영등포구 영중로 15 지상2층 (영등포동4가),37.516985,126.903387
여의도의사당,"서울특별시 영등포구 국회대로74길 12, 남중빌딩 1층 (여의도동)",37.530023,126.92109
여의도IFC(1F),서울특별시 영등포구 국제금융로 10 (여의도동),37.525273,126.924668
여의도신한금융투자타워,서울특별시 영등포구 여의대로 70 (여의도동),37.52498,126.92414
선유도역 1번출구,서울특별시 영등포구 양평로 128 (양평동5가)양평로 128,37.538333,126.893612
영등포시장역,서울특별시 영등포구 영중로 79 (영등포동7가),37.523475,126.904907
영등포구청역,서울특별시 영등포구 국회대로 558 ,37.52789,126.89608
서울양평역,"서울특별시 영등포구 선유서로24길 6 (양평동1가, 영등포 중흥 S-CLASS)",37.523128,126.885809
영등포시장교차로,서울특별시 영등포구 영중로 45 (영등포동6가),37.5204239,126.9044460
더현대서울(B2)R,서울특별시 영등포구 여의대로 108 (여의도동),37.52640,126.92877
당산역사거리,서울특별시 영등포구 양평로 47 (당산동5가),37.533984,126.901156
불광역,서울특별시 은평구 통일로 715 (대조동),37.6093820,126.9303971
구파발사거리,서울특별시 은평구 진관3로 21 은평엘크루 101동 105-108호,37.639617,126.91881
연신내역사거리,서울특별시 은평구 통일로 842 (불광동),37.61862,126.922062
연신내,서울특별시 은평구 통일로 867 (갈현동),37.620417,126.919913
구파발역,서울특별시 은평구 진관2로 12,37.63446,126.918881
은평구청입구,서울특별시 은평구 은평로 170 (응암동),37.601042,126.926789
은평이마트,서울특별시 은평구 은평로 111 (응암동),37.60037923,126.9202735
구산역,서울특별시 은평구 연서로 146 (대조동),37.611745,126.917678
수색,서울특별시 은평구 수색로 216 (수색동),37.5804,126.899068
진관DT,서울특별시 은평구 연서로 645 (진관동),37.6501787,126.9361968
연합뉴스,서울특별시 종로구 율곡로2길 25 (수송동),37.5743289,126.9804590000005
혜화역,서울특별시 종로구 대학로12길 4 (동숭동)1~2층,37.5824779,127.0021850
경희궁로,서울특별시 종로구 새문안로3길 15 (당주동),37.571759,126.972343
강북삼성병원,서울특별시 종로구 새문안로 29 (평동),37.568546,126.967560
종로평창동,서울특별시 종로구 평창12길 3 (평창동),37.606149,126.967213
광화문우체국,서울특별시 종로구 종로 6 (서린동),37.569854,126.978083
더종로R,서울특별시 종로구 종로 51 (종로2가),37.570804,126.983494
독립문역,서울특별시 종로구 송월길 155 경희궁자이 4단지 1층 팰리스애비뉴 4114~4119호,37.571432,126.961269
정부서울청사R,서울특별시 종로구 새문안로5가길 28 (적선동),37.574411,126.973571
동묘앞역,"서울특별시 종로구 종로 344 (숭인동, 대우디오빌) 101호 일부, 201호 일부",37.572700,127.016072
종로구청,서울특별시 종로구 삼봉로 71 (수송동),37.572662,126.981138
북촌로,서울특별시 종로구 북촌로4길 23 (계동),37.579462,126.986431
종로수송,서울특별시 종로구 종로5길 30 (청진동) 1~3층,37.5714931,126.9807831
새문안로,서울특별시 종로구 새문안로 92 (신문로1가) 광화문오피시아빌딩,37.5696597,126.9748903
안국,서울특별시 종로구 북촌로 5-1 (재동),37.577338,126.985635
삼청동,서울특별시 종로구 삼청로 111-1 (삼청동),37.585381,126.9817512
광화문D타워,서울특별시 종로구 종로3길 17 (청진동) D타워,37.5714,126.9788297
적선,"서울특별시 종로구 새문안로5길 55, 노스게이트빌딩 1층 (적선동)",37.57520431,126.9739361
인사,서울특별시 종로구 인사동길 14 (인사동),37.5721293,126.98703490000002
광화문R,서울특별시 종로구 세종대로 167 (세종로),37.5712293,126.9762872
성대입구,서울특별시 종로구 창경궁로 235 (명륜3가),37.582892,126.998392
스페이스본,서울특별시 종로구 사직로8길 4 (사직동) 광화문 풍림스페이스본,37.57532212,126.9692494
주얼리시티,서울특별시 종로구 종로 183 (인의동) 효성주얼리시티,37.57154914,126.998705
종각,서울특별시 종로구 종로 64 (종로2가),37.5699183,126.98452810000003
동숭로아트,서울특별시 종로구 동숭길 110 (동숭동),37.582969,127.003876
종로관철,"서울특별시 종로구 종로12길 21, 2층 (관철동)",37.569058,126.986013
경복궁역,"서울특별시 종로구 자하문로4길 6, 1층 (통의동)",37.5771508,126.97274530000004
이마빌딩,서울특별시 종로구 종로1길 42 (수송동),37.5738637,126.97897149999994
마로니에공원,"서울특별시 종로구 대학로 116, 1-2층 (동숭동)",37.58154296,127.0023412
종로3가,"서울특별시 종로구 종로 113-1, 1-4층 (종로3가)",37.5705527,126.9902055
대학로,"서울특별시 종로구 대학로 57, 홍익대학교 대학로캠퍼스 內 (연건동)",37.576509,127.001449
경복궁사거리,"서울특별시 종로구 율곡로 6, B동 101호(중학동, 트윈트리타워)",37.575578,126.980581
종로관수,서울특별시 종로구 삼일대로20길 13 (관수동),37.569385,126.988665
정동,서울특별시 종로구 새문안로 42 (신문로2가),37.568578,126.970067
종로플레이스,서울특별시 종로구 창경궁로 120 (인의동),37.57319,126.998309
강북삼성병원1층,서울특별시 종로구 새문안로 29 (평동),37.568546,126.96756
동숭길입구,서울특별시 종로구 대학로 146 (혜화동),37.584236,127.002014
서울대치과병원,서울특별시 종로구 대학로 101 서울대학교 치과병원 신관1층,37.57790,126.99965
서대문역,서울특별시 종로구 통일로 134 (평동),37.56670,126.96629
숭례문북창,서울특별시 중구 세종대로12길 12 (남대문로4가),37.561725,126.976838
을지로4가역,서울특별시 중구 을지로 170 (을지로4가),37.566682,126.997285
동대문두타,서울특별시 중구 장충단로 275 (을지로6가),37.56892512604548,127.00878383484597
대한상공회의소R,서울특별시 중구 세종대로 39 (남대문로4가) 1층,37.560938,126.973702
국립중앙의료원,서울특별시 중구 을지로 251 (을지로6가),37.5665160,127.0062376
동국대,서울특별시 중구 서애로 1길 11,37.561542,126.998437
신세계본점5F,서울특별시 중구 소공로 63 (충무로1가),37.560951,126.981134
을지로내외빌딩R,서울특별시 중구 을지로 51 (을지로2가),37.566479,126.983663
대우재단빌딩,서울특별시 중구 퇴계로 18 (남대문로5가),37.556781,126.975081
동대문공원,서울특별시 중구 장충단로 229 (광희동1가),37.565133,127.007191
을지로국제빌딩,서울특별시 중구 남대문로 109 (다동),37.566952,126.982219
동대입구역,서울특별시 중구 장충단로 166 (장충동1가),37.559593,127.006142
신당역사거리,서울특별시 중구 다산로 258 (흥인동),37.565807,127.016430
연세세브란스,서울특별시 중구 통일로 10 (남대문로5가),37.557207,126.973540
회현역,서울특별시 중구 퇴계로 72 (회현동) 리더스뷰남산,37.5589809,126.98074670000005
을지로경기빌딩,서울특별시 중구 남대문로10길 9 (삼각동) 경기빌딩,37.567172,126.983156
을지로2가,서울특별시 중구 삼일대로 358 (을지로2가),37.566347,126.988066
신세계본점6F,서울특별시 중구 퇴계로 77 (충무로1가),37.560381,126.980758
서울중앙우체국,서울특별시 중구 소공로 70 (충무로 1가) 서울 중앙 우체국,37.561678,126.982117
한국프레스센터,서울특별시 중구 세종대로 124 (태평로1가),37.567381,126.977859
명동중앙로,서울특별시 중구 명동길 60 (명동 2가),37.5637485,126.9857723
약수역,서울특별시 중구 다산로 129 (신당동),37.555437,127.0107253
중구저동,서울특별시 중구 수표로 34 (저동2가),37.5643686,126.9903382
명동길,서울특별시 중구 명동10길 41,37.5620695,126.9858669
서소문로,서울특별시 중구 서소문로 120 (서소문동) 대한빌딩,37.563006,126.974546
신당역,"서울특별시 중구 퇴계로 385, 1층 (흥인동)",37.565522,127.014554
명동메트로,서울특별시 중구 명동9가길 14 (을지로1가) 메트로호텔,37.565118,126.983681
숭례문,"서울특별시 중구 세종대로 17, 와이즈타워 1층 (남대문로5가)",37.55874473,126.9730952
순화동더샵,"서울특별시 중구 칠패로 27, 1층 (순화동)",37.560072,126.971931
대한극장,"서울특별시 중구 퇴계로 212 (필동2가) 1,2층",37.56105065,126.9952735
환구단,서울특별시 중구 소공로 112 (소공동),37.564448,126.979157
무교동,서울특별시 중구 무교로 21 (무교동) 코오롱빌딩 1층,37.56781712,126.978738
문화일보,서울특별시 중구 새문안로 22 (충정로1가) 문화일보,37.56712291,126.9686642
태평로,"서울특별시 중구 세종대로 72, 대영빌딩 1층 (태평로2가)",37.56248285,126.9767928
퍼시픽타워,"서울특별시 중구 세종대로9길 41, 퍼시픽타워 1층 (서소문동)",37.56132157,126.9730264
남산단암,"서울특별시 중구 소월로 10, 단암빌딩 (남대문로5가)",37.55853622,126.9754585
황학캐슬,서울특별시 중구 청계천로 400 (황학동) 롯데캐슬베네치아,37.57124,127.022905
을지로삼화타워,서울특별시 중구 을지로5길 16 (을지로2가) 1층,37.566902,126.984707
소공로,"서울특별시 중구 남대문로7길 19, 삼영빌딩 1층 일부 (소공동)",37.5637273,126.98076809999998
서소문배재,서울특별시 중구 서소문로 99 (서소문동),37.5628481,126.97216639999999
을지로한국빌딩,"서울특별시 중구 을지로 50, 1층 (을지로 2가)",37.565722,126.98329
KG타워,서울특별시 중구 통일로 92 (순화동) KG타워,37.563528,126.969144
시청,"서울특별시 중구 을지로 19, 삼성화재삼성빌딩 1층 (을지로1가)",37.566290,126.979808
충무로역,"서울특별시 중구 퇴계로 197, 충무빌딩 1층 (필동 2가)",37.561499,126.993864
명동역,"서울특별시 중구 퇴계로 101, 건물 전체 (충무로 1가)",37.56102,126.98312
명동입구,서울특별시 중구 남대문로 68-1 (명동2가),37.563319,126.982242
무교로,서울특별시 중구 무교로 15 (무교동),37.567399,126.978900
청계크리스탈스퀘어,서울특별시 중구 청계천로 106 (수표동),37.5679,126.98933
숭례문SG타워,서울특별시 중구 세종대로 14 (남대문로5가),37.5581293,126.9742637
레스케이프호텔R,서울특별시 중구 퇴계로 67 (회현동1가),37.5598346,126.9794946
별다방,서울특별시 중구 퇴계로 100 (회현동2가),37.5602013,126.9829327
포포인츠명동,서울특별시 중구 삼일대로10길 36 (저동2가),37.5657211,126.9893426
명동남산,서울특별시 중구 퇴계로 132 (남산동3가),37.560809,126.986397
명일역,서울특별시 강동구 양재대로 1647 (명일동),37.552580,127.143799
강동구청DT,서울특별시 강동구 성내로 32 (성내동),37.529437,127.123835
강동암사DT,서울특별시 강동구 고덕로 43 (암사동),37.555054,127.130065
굽은다리역,"서울특별시 강동구 양재대로 1568 (명일동, 원일타워)",37.545403,127.143101
강동역,"서울특별시 강동구 천호대로 1089 (천호동, 강동 헤르셔)",37.536047,127.133086
둔촌동,서울특별시 강동구 양재대로 1303 (성내동) 평원빌딩,37.522724,127.133943
천호로데오,서울특별시 강동구 천호대로 1037 (천호동),37.5378069,127.12730940000006
천호이마트,서울특별시 강동구 천호대로 1015-14 (천호동) 이마트별관,37.538933,127.125214
길동역,서울특별시 강동구 양재대로 1487 (길동),37.5387433,127.1399879
상일동,"서울특별시 강동구 상일로10길 36, 1~2층 (상일동)",37.5507989598659,127.174104292142
천호역,"서울특별시 강동구 천호대로 1012, 태승빌딩 (성내동)",37.53795191,127.1245793
명일이마트,서울특별시 강동구 동남로75길 5 (명일동) 명일이마트별관주차장,37.553991,127.155984
상일동역,"서울특별시 강동구 고덕로 399 (고덕동, 고덕센트럴푸르지오)",37.55754181615496,127.17072672474717
천호사거리,서울특별시 강동구 올림픽로 651 (천호동),37.539702,127.123542
올림픽공원북2문,서울특별시 강동구 강동대로 199 (성내동),37.5241832,127.1286775
천호대로길동,서울특별시 강동구 천호대로 1131 거산 유팰리스,37.534651,127.137210
신도림,서울특별시 구로구 경인로 610 (신도림동),37.505517,126.883953
구로디지털타워,서울특별시 구로구 디지털로32길 30 (구로동),37.483432,126.896480
오류동역,서울특별시 구로구 경인로 216 (오류동),37.4962155,126.8448614
구로디지털로,"서울특별시 구로구 디지털로33길 11, 에이스테크노8차 1층 (구로동)",37.485911,126.895587
드림마크원,"서울특별시 구로구 디지털로31길 61, 드림마크원데이터센타 1층 (구로동)",37.48587904,126.8916127
구로에이스,"서울특별시 구로구 디지털로 285, 에이스트윈타워1차 103호 (구로동)",37.48448329,126.8944957
구로하이엔드,"서울특별시 구로구 디지털로26길 5, 에이스하이엔드타워1차 103호 (구로동)",37.481618,126.893136
현대디큐브2F,서울특별시 구로구 경인로 662 (신도림동),37.508636,126.889225
구로호텔,"서울특별시 구로구 디지털로32길 72, 구로호텔 1층 (구로동)",37.4831293,126.89885909999998
현대디큐브B2,서울특별시 구로구 경인로 662 (신도림동),37.508828,126.889488
구로고척,서울특별시 구로구 경인로 387 (고척동),37.49706,126.86315
구로NC,서울특별시 구로구 구로중앙로 152 (구로동) 구로NC,37.501219,126.882798
답십리역,서울특별시 동대문구 천호대로 263 (답십리동),37.568466,127.051106
경희대삼거리,서울특별시 동대문구 회기로 141 (회기동),37.591531,127.052017
외대정문,서울특별시 동대문구 이문로 93 (이문동),37.5953464,127.0590302
신설동역,서울특별시 동대문구 왕산로 19 (신설동),37.5767228,127.0255446
회기역사거리,서울특별시 동대문구 이문로 37 (회기동),37.590784,127.056098
외대,서울특별시 동대문구 휘경로 12-1 (이문동),37.59575188,127.0614002
장한평역,서울특별시 동대문구 장한로 10 (장안동),37.562337,127.065511
경희대,서울특별시 동대문구 경희대로 16-1 (회기동),37.5928812,127.05280849999997
청량리역사,서울특별시 동대문구 왕산로 214 (전농동),37.57945,127.04785
서울숲역,서울특별시 성동구 왕십리로 50 (성수동1가) 1층,37.542075,127.044961
금호역,서울특별시 성동구 동호로 99 (금호동4가),37.5479939,127.0153343
뚝섬역,서울특별시 성동구 아차산로 42 (성수동1가),37.546432,127.049042
황학사거리,"서울특별시 성동구 왕십리로 410 (하왕십리동, 센트라스)",37.567644,127.023697
성수역,서울특별시 성동구 성수이로 94 (성수동2가),37.543193,127.056943
상왕십리역,서울특별시 성동구 왕십리로 382 (하왕십리동),37.565169,127.027907
왕십리역,서울특별시 성동구 왕십리로 326 (도선동),37.5627541,127.0339072
한양대,"서울특별시 성동구 왕십리로 225 (행당동) 1,2층",37.55726984,127.0421649
엔터식스,서울특별시 성동구 왕십리광장로 17 (행당동),37.56175811,127.0383328
성수이마트,서울특별시 성동구 뚝섬로 379 (성수동2가) 이마트 성수점,37.5396996,127.0530083
성수,서울특별시 성동구 아차산로 104 (성수동2가),37.5444620830457,127.055413311106
옥수,서울특별시 성동구 독서당로 202 (옥수동),37.5430298,127.0133661
성수낙낙,서울특별시 성동구 광나루로8길 31 (성수동2가) 성수낙낙 1층 101~107호,37.547326,127.066367
효창공원앞역,"서울특별시 용산구 백범로 313 (효창동, 용산 롯데캐슬 센터포레)",37.539305,126.963060
서울역서부,서울특별시 용산구 만리재로 202 (서계동),37.555165,126.968446
이태원역,서울특별시 용산구 이태원로 188 (이태원동),37.534273,126.994789
한강진역R,서울특별시 용산구 이태원로 252 (한남동),37.537131,127.000980
용산역써밋R,"서울특별시 용산구 한강대로 69 (한강로2가, 용산푸르지오써밋)",37.527586,126.965401
이촌,서울특별시 용산구 이촌로 276 (이촌동),37.518605,126.977271
신용산역,"서울특별시 용산구 한강대로 95 (한강로2가, 래미안용산)",37.528702,126.966757
용산파크타워,"서울특별시 용산구 서빙고로 67 (용산동5가, 파크타워)",37.523818,126.970389
남영동,서울특별시 용산구 한강대로 275 (갈월동),37.542831,126.972242
한남동R,서울특별시 용산구 독서당로 94 (한남동),37.53485,127.010919
서울타워,서울특별시 용산구 남산공원길 105 (용산동2가) YTN서울타워 1층,37.551102,126.988317
서울역동자동,서울특별시 용산구 한강대로 372 (동자동),37.551752,126.972694
순천향입구,서울특별시 용산구 대사관로 67 (한남동),37.533394,127.00563
숙대,서울특별시 용산구 청파로47길 57 (청파동3가),37.54460479,126.9672252
동빙고,서울특별시 용산구 장문로 12 (동빙고동),37.5289857,126.991782
숙대입구역,서울특별시 용산구 한강대로 291 (갈월동),37.544118,126.971891
용산아이파크몰,서울특별시 용산구 한강대로23길 55,37.5288539,126.96404469999993
동부이촌동,서울특별시 용산구 이촌로 198 (이촌동),37.52111,126.96905
용산해링턴스퀘어,서울특별시 용산구 서빙고로 17 (한강로3가),37.5258562,126.9676442
서울역사,서울특별시 용산구 한강대로 405 (동자동) 신-101호,37.55415699928705,126.97179361292846
용산리첸시아,"서울특별시 용산구 백범로 341 (원효로1가, 리첸시아 용산)",37.538571,126.967409
포포인츠서울역,서울특별시 용산구 한강대로 366 (동자동),37.55126,126.97273
용산전자랜드,서울특별시 용산구 청파로 74 (한강로3가),37.53286105987034,126.96100091132484
상봉,"서울특별시 중랑구 상봉로 131 (상봉동, 상봉 듀오트리스 주상복합)",37.597842,127.092509
중랑역,서울특별시 중랑구 망우로30길 3 (상봉동),37.5930326,127.07473579999998
중랑구청,서울특별시 중랑구 신내로 72,37.60538908,127.0957558
사가정역,서울특별시 중랑구 면목로 310,37.579594,127.087966
상봉역,서울특별시 중랑구 망우로 307 (상봉동),37.59689,127.08647
묵동,"서울특별시 중랑구 동일로 952 (묵동, 로프트원 태릉입구역) 1층",37.615368,127.076633
중화역,"서울특별시 중랑구 봉화산로 35 1,2층",37.60170912407773,127.07841136432036
광주운남DT,광주광역시 광산구 임방울대로 156 (운남동),35.175136,126.818062
광주선운DT,광주광역시 광산구 선운로 20번길 63 ,35.146768,126.77772
광주산정DT,광주광역시 광산구 용아로 342 (산정동),35.173524,126.804191
광주흑석DT,광주광역시 광산구 사암로 367 (산정동),35.176936,126.807887
광주송정역,광주광역시 광산구 상무대로205번길 6 (송정동),35.138026,126.791444
광주수완DT,광주광역시 광산구 임방울대로 487 (수완동),35.203175,126.819065
광주신가DT,광주광역시 광산구 목련로 335 (신가동),35.1790467,126.8301259
광주쌍암,광주광역시 광산구 첨단중앙로 158 (쌍암동),35.2192427,126.84242110000002
광주장덕,광주광역시 광산구 장신로 85 (장덕동),35.191469,126.819259
광주하남,"광주광역시 광산구 사암로216번길 38-16, 1~2층 (우산동)",35.162722,126.810218
광주첨단,광주광역시 광산구 첨단중앙로 104 (월계동),35.214806,126.843227
광산수완,"광주광역시 광산구 장신로 134, 1~2층 (수완동)",35.190397,126.824804
광주비아DT,광주광역시 광산구 첨단과기로 81 (비아동),35.222888,126.834962
광주월산DT,광주광역시 남구 대남대로 386 (월산동),35.145516,126.890794
광주주월DT,광주광역시 남구 회재로 1256 (주월동),35.1341387,126.8981372
광주효천DT,광주광역시 남구 임암길 232 (임암동),35.100033,126.871253
광주봉선로,광주광역시 남구 제석로 104 (봉선동),35.124262,126.907898
광주서문대로,광주광역시 남구 서문대로 665 (진월동),35.119448,126.898595
광주방림DT,광주광역시 남구 대남대로 67 (방림동),35.13498,126.917698
광주봉선중앙,광주광역시 남구 봉선중앙로 51 (봉선동),35.1254197,126.9112507
광주진월,광주광역시 남구 서문대로 745 (주월동),35.125781,126.897221
광주봉선,"광주광역시 남구 봉선로 176, 1층 101,111호 (봉선동)",35.122921,126.914111
봉선이마트,광주광역시 남구 봉선로 198 (봉선동),35.122407,126.916859
광주지산DT,광주광역시 동구 필문대로 240 (동명동),35.149728,126.929070
광주동명,광주광역시 동구 동명로 16 (동명동),35.1503620,126.9236181
광주지원DT,광주광역시 동구 남문로 529 (용산동),35.1175025,126.9340006
광주지산유원지입구,광주광역시 동구 무등로 592 (산수동),35.154459,126.940912
광주황금,광주광역시 동구 중앙로160번길 14 (황금동),35.1473572,126.9145683
충장서림,"광주광역시 동구 충장로 93-5 (금남로2가, 무등맨션)",35.14808817,126.9173077
광주충장로,광주광역시 동구 충장로 65 (충장로3가),35.149486,126.914792
충장일가,광주광역시 동구 서석로 43 (충장로1가),35.146797,126.918252
조선대,광주광역시 동구 지산로 3 (서석동),35.144608,126.930183
광주무등산,광주광역시 동구 증심사길 16 (운림동),35.133909,126.954311
광주오치,광주광역시 북구 설죽로 314 (오치동),35.187457,126.898994
광주연제DT,광주광역시 북구 양일로18번길 2 (연제동),35.197688,126.866803
광주신안DT,광주광역시 북구 서암대로 93 (신안동),35.171678,126.894998
광주매곡DT,광주광역시 북구 설죽로 339 (매곡동),35.189836,126.898698
광주두암타운,광주광역시 북구 삼정로 4 (두암동),35.162112,126.937388
광주일곡,광주광역시 북구 설죽로 518 (일곡동),35.205463,126.898114
광주북구청,광주광역시 북구 서방로9번길 30 (중흥동),35.17483,126.914469
광주첨단신용,광주광역시 북구 첨단연신로 101 (신용동),35.20701,126.864115
광주용두DT,광주광역시 북구 임방울대로 1016 (신용동),35.212837,126.868485
전남대,"광주광역시 북구 우치로 110, 1,2,3층 (용봉동)",35.17719867,126.9124787
광주용봉,광주광역시 북구 저불로 45 (용봉동),35.178664,126.895196
동광주DT,광주광역시 북구 동문대로 148 (두암동),35.175874,126.927584
광주신세계DT,광주광역시 서구 죽봉대로 33 (화정동),35.1563,126.8831
광주상무DT,광주광역시 서구 상무대로 847 (쌍촌동),35.1502,126.8550
광주화정DT,광주광역시 서구 상무대로 1080,35.152205,126.879997
광주상무중앙로,광주광역시 서구 상무중앙로 46 (치평동) 1층,35.151021,126.848815
광주상무시민로,광주광역시 서구 운천로 253 (치평동) 103호,35.154963,126.854437
광주풍암,광주광역시 서구 풍암2로 8 (풍암동) 한아름빌딩,35.1268447,126.8796486
광주금호DT,광주광역시 서구 운천로 107 (쌍촌동),35.1421126,126.85766460000002
광주상무대교,"광주광역시 서구 상무중앙로 90, 눈높이상무센터 1층 (치평동)",35.1551,126.848788
광주동림,"광주광역시 서구 하남대로 672-1, 1층 (동천동)",35.171734,126.86618
신세계광주,광주광역시 서구 무진대로 932 번지 신세계 백화점 1층,35.160794,126.882542
광주상무,광주광역시 서구 상무중앙로 75 (치평동),35.1536205,126.84795429999997
상무치평,"광주광역시 서구 상무자유로 173, 1층 (치평동)",35.151968,126.853423
상무역,"광주광역시 서구 상무중앙로 7, 1층 (치평동)",35.147468,126.847989
신세계광주신관B1,"광주광역시 서구 죽봉대로 61, 패션스트리트 B01호 (화정동)",35.158806,126.882069
서광주DT,광주광역시 서구 서광주로 23 (매월동),35.129468,126.847401
대구영대병원역DT,대구광역시 남구 봉덕로 25 (봉덕동),35.845522,128.593536
대구앞산DT,대구광역시 남구 현충로 32 (대명동),35.835516,128.579871
대구가톨릭대학교병원,대구광역시 남구 두류공원로17길 33 (대명동),35.84339006877753,128.56742153199514
계명대동산병원,대구광역시 달서구 달구벌대로 1035 (신당동),35.853811,128.480276
대구죽전역,대구광역시 달서구 와룡로 169 ,35.848437,128.536007
대구월곡DT,대구광역시 달서구 월곡로 225 (상인동),35.814866,128.541057
대구광장,대구광역시 달서구 달구벌대로 1710 (두류동),35.855770,128.552811
대구월촌역,대구광역시 달서구 월배로 315 (송현동),35.824025,128.545226
대구진천역,대구광역시 달서구 월배로 91 (진천동),35.814395,128.524377
대구도원DT,대구광역시 달서구 상화로 314 (도원동),35.807727,128.548117
대구월성,대구광역시 달서구 조암로 41 (월성동),35.824320,128.525727
대구수목원,대구광역시 달서구 화암로 379,35.807237,128.520278
대구성서IC DT,대구광역시 달서구 달구벌대로 1393,35.8507998,128.52026039999998
대구감삼DT,대구광역시 달서구 와룡로 131 ,35.8443842,128.5366553
대구상인역,대구광역시 달서구 월배로 210 (상인동),35.8182768,128.53656920000003
대구두류DT,대구광역시 달서구 달구벌대로 1798 (두류동),35.858804,128.561685
대구상인DT,대구광역시 달서구 월곡로 334 (상인동),35.822408,128.533771
대구계명대,대구광역시 달서구 계대동문로 13 (신당동),35.85567272,128.4937254
대구성서,"대구광역시 달서구 이곡공원로 26, 이곡메디컬빌딩 (이곡동)",35.855292,128.510127
대구서부정류장역,대구광역시 달서구 구마로 265 (성당동),35.837881,128.556926
신세계대구3F(티바나),대구광역시 동구 동부로 149 신세계백화점 대구점 3층,35.877767,128.628498
신세계대구8FR,대구광역시 동구 동부로 149 신세계백화점 대구점 8층,35.877812,128.628453
동대구로DT,대구광역시 동구 동대구로 422 (신천동),35.8680868,128.62715890000004
대구팔공산,대구광역시 동구 파계로 650,35.9878685,128.636347
대구봉무,대구광역시 동구 팔공로51길 15-11 (봉무동),35.921942,128.639708
동대구터미널,대구광역시 동구 동부로30길 12 (신천동),35.876315,128.62859
대구동촌유원지,대구광역시 동구 효동로2길 45 (효목동),35.88011,128.653159
반야월이마트,"대구광역시 동구 안심로 389-2, 이마트 1층 (신서동)",35.870899,128.727397
대구율하,대구광역시 동구 안심로16길 47 (율하동),35.8635367,128.6939265
대구각산역DT,대구광역시 동구 안심로 383 ,35.868908,128.7261214
대구평리DT,대구광역시 서구 서대구로 89 (평리1동),35.866138,128.555343
대구수성도서관DT,대구광역시 수성구 화랑로 112 (만촌동),35.873059,128.638985
대구그랜드호텔R,대구광역시 수성구 동대구로 305 (범어동),35.857871,128.625094
국립대구박물관DT,대구광역시 수성구 청호로 318 (황금동),35.845491,128.639059
대구수성호수R,대구광역시 수성구 용학로 56 (두산동),35.826126,128.615912
대구수성동,대구광역시 수성구 명덕로 460 (수성동3가),35.853776,128.620304
대구수성네거리DT,대구광역시 수성구 들안로 342 (수성동4가),35.860580,128.617977
대구중동DT,대구광역시 수성구 수성로 243 (중동),35.847384,128.612529
대구중동네거리DT,대구광역시 수성구 청수로 51 (중동),35.840917,128.613963
대구상동DT,대구광역시 수성구 무학로 29(상동),35.8296424,128.6116932
대구황금DT,대구광역시 수성구 청수로 164 (지산동),35.839069,128.625797
대구삼성화재,대구광역시 수성구 동대구로 401 (범어동) 삼성화재사옥,35.8661924,128.62626260000002
대구시지,대구광역시 수성구 달구벌대로 3216 (신매동),35.8394934,128.7080427
대구만촌DT,"대구광역시 수성구 달구벌대로 2636, , 853-25번지 (만촌동)",35.856431,128.6502
대구수성하이츠,"대구광역시 수성구 수성로 393, 수성하이츠 1층 (수성동4가)",35.8609096,128.61352710000005
동아수성,"대구광역시 수성구 지범로 191, 동아백화점수성점 1층 (범물동)",35.82124651,128.6406389
수성리더스,대구광역시 수성구 동대구로 95 (두산동),35.83871,128.62304229999995
수성레이크,대구광역시 수성구 수성못길 4 (두산동),35.825764,128.621814
대구범어제니스,"대구광역시 수성구 달구벌대로 2435, 두산위브더제니스아파트 상가 1층 110호 (범어동)",35.859274,128.629687
대구들안길DT,대구광역시 수성구 들안로 85 (상동),35.837524,128.616360
대구만촌이마트,대구광역시 수성구 동원로 136 (만촌동),35.8711227,128.6372145
대구시티센터,대구광역시 중구 국채보상로 611 (문화동),35.870954,128.598092
대구계산,대구광역시 중구 달구벌대로415길 1 (계산동2가),35.866429,128.589696
대구중앙로역,대구광역시 중구 국채보상로 582 (남일동),35.870674,128.594374
대구공평DT,대구광역시 중구 국채보상로 642 (동인동2가),35.8691866,128.6006466
반월당,대구광역시 중구 달구벌대로 2085 (덕산동) 동아쇼핑,35.86616318,128.5918695
동성로광장,대구광역시 중구 동성로 4 (동성로3가),35.867319,128.594217
동성로중앙,대구광역시 중구 동성로5길 38 (삼덕동1가),35.867556,128.59666
동성로로데오,대구광역시 중구 동성로5길 62 (삼덕동1가),35.86723,128.597862
대구반월삼성,대구광역시 중구 달구벌대로 2095 (덕산동),35.86657,128.59281
대구228중앙공원,대구광역시 중구 동성로2길 95 (동성로2가),35.8701932,128.5969103
대구칠성DT,대구광역시 북구 중앙대로 524 (칠성동2가),35.879674,128.596391
대구유통단지,대구광역시 북구 유통단지로8길 78 106호 (산격동),35.905624,128.613347
대구칠곡대로DT,대구광역시 북구 칠곡중앙대로 348 (태전동),35.926583,128.547736
대구동천,대구광역시 북구 동천로 123,35.9425387,128.5604376
대구침산DT,대구광역시 북구 침산로 126 (침산동),35.8874784,128.59183759999996
대구칠곡,대구광역시 북구 학정로 422 (구암동) 태을빌딩,35.9421792,128.5638788
경북대,대구광역시 북구 대학로 75 (산격동),35.89232,128.608586
대구칠곡읍내DT,칠곡중앙대로 631 칠곡중앙대로 631,35.9518399,128.5531285
대구칠성이마트,대구광역시 북구 침산로 93 (칠성동2가),35.8850726575735,128.589754735838
대구테크노폴리스,"대구광역시 달성군 유가면 테크노상업로 84 대경타워 105호, 106호, 107호",35.693334,128.459251
대구죽곡,대구광역시 달성군 달구벌대로 861 (다사읍),35.859055,128.464166
대전한남대DT,대전광역시 대덕구 한밭대로 1122 (중리동),36.358490,127.423310
대전IC DT,대전광역시 대덕구 동서대로 1776 (비래동),36.354628,127.444318
대전신탄진DT,대전광역시 대덕구 대덕대로 1544 (석봉동),36.44866030000001,127.41998309999997
대전송촌,"대전광역시 대덕구 송촌북로36번길 36, 1층 (송촌동)",36.366313,127.437812
신탄진금강DT,대전광역시 대덕구 신탄진로 866 (신탄진동),36.454619,127.42882
대전터미널DT,대전광역시 동구 동서대로 1658 (성남동),36.347995,127.434241
대전판암DT,대전광역시 동구 옥천로 118 (판암동),36.317013,127.453623
대전스타일마켓,"대전광역시 동구 동서대로 1689, 2층 (용전동)",36.3502842,127.43662219999999
대전가오,대전광역시 동구 동구청로 101 (가오동),36.3070199,127.4561304
대전터미널,대전광역시 동구 동서대로1695번길 4 (용전동),36.349905,127.438064
대전용전DT,대전광역시 동구 한밭대로 1239 (용전동),36.357196,127.435505
대전정부청사역,대전광역시 서구 한밭대로 755 (둔산동),36.358410,127.382495
대전건양대병원,대전광역시 서구 관저동로 170 (관저동)1층,36.307280,127.340876
대전탄방역,대전광역시 서구 문정로2번길 95 (탄방동),36.343242,127.385313
대전복수,대전광역시 서구 복수남로 28 (복수동),36.298345,127.37824
대전둔산남로,대전광역시 서구 둔산남로 100 (탄방동),36.348893,127.388665
대전둔산로,대전광역시 서구 대덕대로241번길 35 (둔산동),36.354233,127.377273
대전법원,대전광역시 서구 둔산로123번길 43 (둔산동),36.353315,127.387437
대전가수원DT,대전광역시 서구 계백로 1128 (가수원동),36.303755,127.348941
대전수침교DT,대전광역시 서구 계룡로 692 (용문동),36.3349683,127.39672889999997
대전관저,대전광역시 서구 관저로 142 (관저동),36.2986969,127.337762
대전대덕로,대전광역시 서구 대덕대로234번길 18 (둔산동),36.353466,127.380591
대전목원대,대전광역시 서구 동서대로 682 (도안동),36.3318521,127.3385400
대전둔산,대전광역시 서구 대덕대로 189 (둔산동),36.3502188,127.3772612
대전만년,대전광역시 서구 만년로 81 (만년동),36.367606,127.382002
대전시청사거리,대전광역시 서구 둔산남로 50 (탄방동),36.348036,127.383509
대전월평,대전광역시 서구 청사로123번길 25 (월평동),36.361008,127.377288
둔산은하수,"대전광역시 서구 둔산로31번길 28, 금정빌딩 1층 (둔산동)",36.3529477,127.3777879
대전탄방,"대전광역시 서구 문정로 78, 정우빌딩 1층 (탄방동)",36.3463971,127.38788750000003
대전시청역,대전광역시 서구 둔산로 142 (둔산동),36.35098154,127.3895116
대전호텔,"대전광역시 서구 둔산중로134번길 13, 둔산관광호텔 (둔산동)",36.358982,127.387649
월평트레이더스,대전광역시 서구 한밭대로 580 (월평동),36.3576398,127.36299469999994
둔산삼성프라자,대전광역시 서구 대덕대로 254 삼성전자 메가스토어 대전본점 1층  (둔산동),36.3554336798685,127.379975361484
대전갈마DT,대전광역시 서구 계룡로 384 (갈마동),36.351481343331905,127.37049050661208
대전용문DT,대전광역시 서구 도산로 336 (용문동),36.3350093,127.3897099
대전반석역,대전광역시 유성구 북유성대로 303 (반석동),36.391646,127.314220
대전도안DT,대전광역시 유성구 도안대로 573 (봉명동),36.351462,127.339981
대전장대,대전광역시 유성구 유성대로 781 (장대동),36.361969,127.336261
대전유성구청,대전광역시 유성구 어은로 42 (어은동),36.362206,127.357705
대전지족,대전광역시 유성구 지족로 373 (지족동),36.38720540000001,127.3175549
대전유성,대전광역시 유성구 온천서로 2 (봉명동),36.3545222,127.3395544
대전전민,대전광역시 유성구 유성대로 1722 (전민동),36.39943969999999,127.40052530000002
대전관평동,대전광역시 유성구 테크노중앙로 68,36.4255141,127.39263
대전조이마루,대전광역시 유성구 엑스포로 97번길 40,36.3763115,127.3904691
대전노은,"대전광역시 유성구 은구비남로33번길 26, 1~2층 (지족동)",36.373444,127.319446
충남대정문,대전광역시 유성구 대학로 82 (궁동),36.36066,127.34464
대전테크노밸리,대전광역시 유성구 테크노4로 105 (관평동),36.424826,127.389441
신세계대전R,"대전광역시 유성구 엑스포로 1 (도룡동), 대전신세계 백화점 5F",36.37514,127.38161
대전현대아울렛,대전광역시 유성구 테크노중앙로 123 (용산동),36.424000,127.398625
대전구암DT,대전광역시 유성구 월드컵대로289번길 6 (구암동),36.34902,127.33263
신세계대전B1,"대전광역시 유성구 엑스포로 1 (도룡동), 대전신세계 백화점 B1층",36.37514,127.38161
대전엑스포스카이,대전광역시 유성구 엑스포로 1 (도룡동) 신세계엑스포점 38층,36.37514,127.38161
대전대사DT,대전광역시 중구 계룡로 949 (대사동),36.318823,127.417463
대전태평,대전광역시 중구 태평로 71 (태평동),36.323298,127.393417
대전유천DT,대전광역시 중구 계백로 1604 (유천동),36.3182966,127.3982383
대전중앙로R,대전광역시 중구 대종로 486 (은행동),36.327962,127.426603
대전세이1층,"대전광역시 중구 계백로 1700, 외 4필지 세이백화점 신관 (문화동)",36.320476,127.40852
은행동,대전광역시 중구 중앙로 164 (은행동),36.32907873,127.4276569
대전세이,"대전광역시 중구 계백로 1700, 5층 (문화동)",36.320472,127.408522
금정남산동DT,부산광역시 금정구 중앙대로 1989 (남산동),35.262466,129.091353
금정구청DT,부산광역시 금정구 중앙대로 1730 (부곡동),35.238784,129.092964
온천장역DT,부산광역시 금정구 식물원로 13 (장전동),35.224006,129.08656
부산대정문,부산광역시 금정구 부산대학로64번길 12 (장전동),35.232107,129.084565
부산대역,"부산광역시 금정구 장전로12번길 64, 1~4층 (장전동)",35.230722,129.088165
부산대,"부산광역시 금정구 금정로68번길 2, 건우빌딩 (장전동)",35.2306157,129.0866474
금정이마트,부산광역시 금정구 중앙대로1841번길 24 (구서동),35.250184,129.090774
금정구서,부산광역시 금정구 금강로 441 (구서동),35.24699,129.0887563
용호동W스퀘어,"부산광역시 남구 분포로 145 (용호동) 더블유스퀘어동 1019호,1020호,1021호,2011호 2012호",35.134025,129.113248
동명대DT,부산광역시 남구 신선로 423 (용당동),35.123153,129.099223
BIFC Mall,부산광역시 남구 문현금융로 40 (문현동) 부산국제금융센터,35.146436,129.065882
부산대연역,"부산광역시 남구 수영로 240-1, 1층 (대연동)",35.135032,129.093041
경성대,부산광역시 남구 수영로 312 (대연동),35.13742382,129.1009316
부산대연못골,부산광역시 남구 못골로 87 (대연동),35.1360684,129.0919586
부산역라마다,부산광역시 동구 중앙대로196번길 10 (초량동),35.114450,129.040309
부산역아스티,부산광역시 동구 중앙대로214번길 7-8 (초량동),35.116741,129.042101
부산역,부산광역시 동구 중앙대로 216 (초량동),35.11631935,129.0407837
범일동일타워,부산광역시 동구 조방로 14 (범일동),35.138915,129.063487
서면중앙대로R,부산광역시 부산진구 중앙대로 672 (부전동) 1층 2층,35.1530083,129.0596228
서면로R,부산광역시 부산진구 서면로 49-1 (부전동),35.155255,129.057651
서면NC,부산광역시 부산진구 동천로 92 (전포동) NC백화점 1층,35.157036,129.063029
양정역,부산광역시 부산진구 중앙대로 894 (양정동),35.1700743,129.06926269999997
동의대역,부산광역시 부산진구 가야대로 589 (가야제1동),35.155057,129.036202
부산개금역,부산광역시 부산진구 가야대로 462 (개금동),35.152899,129.0226067
서면전포역,부산광역시 부산진구 전포대로199번길 27 (전포동),35.154345,129.063631
부산서면중앙로,부산광역시 부산진구 중앙대로 701 (부전동),35.155521,129.058883
서면서전로,부산광역시 부산진구 서전로 19 (부전동),35.157995,129.061744
부산서면,부산광역시 부산진구 중앙대로692번길 46-10 (부전동),35.154098,129.061562
서면역,부산광역시 부산진구 서전로 1 (부전동),35.1579735,129.05999229999998
부전역,"부산광역시 부산진구 중앙대로 777, 서면호텔 복합시설1,2층 (부전동)",35.16183,129.061933
서면센트럴스퀘어,부산광역시 부산진구 중앙대로666번길 50 (부전동),35.15151,129.061139
서면메디컬거리,"부산광역시 부산진구 가야대로 783-1, 1층 (부전동)",35.157961,129.05740949999995
서면중앙,부산광역시 부산진구 서면로68번길 1 (부전동),35.156863,129.058076
서면트레이더스,부산광역시 부산진구 시민공원로 31 (부암동),35.163918,129.052684
서면엠디엠타워,부산광역시 부산진구 중앙대로 639 (범천동),35.150017,129.058489
서면문화로,부산광역시 부산진구 서면문화로 10 (부전동),35.159056,129.057527
부산덕천역,부산광역시 북구 만덕대로 30 (덕천동),35.210787,129.008358
부산화명역,부산광역시 북구 금곡대로285번길 5 (화명동),35.233829,129.013106
화명강변DT,부산광역시 북구 금곡대로77 (덕천동),35.216972,129.004611
부산만덕DT,부산광역시 북구 만덕대로 323 (만덕동),35.213166,129.039764
사상주례DT,부산광역시 사상구 백양대로 520 (주례동),35.154847,128.996302
동서대DT,부산광역시 사상구 가야대로 338 (주례동),35.150863,129.010026
사상역,부산광역시 사상구 사상로 211 (괘법동),35.164003,128.983473
사상엄궁DT,부산광역시 사상구 낙동대로 744 (엄궁동),35.127533,128.969588
다대포비치,부산광역시 사하구 다대로 714 (다대동),35.049404,128.963569
부산하단,부산광역시 사하구 낙동대로 455 (하단동),35.1053448,128.9688718
다대포DT,부산광역시 사하구 다대로 493 (다대동),35.060973,128.975257
을숙도강변DT,부산광역시 사하구 하신번영로 381-6 (하단동),35.115260,128.959578
부산동아대,부산광역시 사하구 낙동대로550번길 14 (하단동) 1~3층,35.113113,128.964925
부산괴정역,부산광역시 사하구 사하로186번길 6 (괴정동),35.098451,128.994352
하단중앙,부산광역시 사하구 낙동남로 1411 (하단동),35.106522,128.966103
사하장림DT,부산광역시 사하구 을숙도대로 682 (장림동),35.0849337,128.9802207
부산교대역DT,부산광역시 연제구 중앙대로 1250 (거제동),35.1990004,129.0789319
연산시티타워,부산광역시 연제구 중앙대로 1125 (연산동),35.188225,129.080949
부산교대역,부산광역시 연제구 명륜로 3 (거제제1동) 한양프라자,35.1964682,129.08097929999997
부산연산역,부산광역시 연제구 반송로 20 (연산동),35.1869475,129.0833335
연산중앙로,부산광역시 연제구 중앙대로 1091 (연산동),35.185469,129.08067
부산교대,부산광역시 연제구 교대로 20-2 (거제동),35.195708,129.077505
연산트레이더스,부산광역시 연제구 좌수영로 241 연산동,35.1854506,129.1121467
부산시청,부산광역시 연제구 중앙천로 93 (연산동),35.18159,129.07841
영도대교,부산광역시 영도구 태종로 39 (대교동1가),35.094678,129.037184
부산광복로R,부산광역시 중구 광복중앙로 8-2 (광복동3가),35.100123,129.031422
자갈치역,부산광역시 중구 구덕로 54-1 (남포동5가),35.098378,129.029716
국제시장,부산광역시 중구 대청로 80 (대청동3가),35.102783,129.028601
부산중앙역,부산광역시 중구 중앙대로81번길 2 (중앙동4가),35.1050552,129.0359604
BIFF광장,부산광역시 중구 비프광장로 25 (남포동3가),35.0989623,129.02805280000007
남포동역,"부산광역시 중구 구덕로 4, 1~2층 (광복동1가)",35.098311,129.035151
기장역DT,부산광역시 기장군 기장읍 기장대로 527 ,35.2421513,129.2201170
동부산DT,부산광역시 기장군 기장읍 기장해안로 56 ,35.184073,129.210875
부산정관,부산광역시 기장군 정관읍 정관로 579 ,35.321336,129.176983
부산P.아울렛,부산광역시 기장군 정관로 1133 (175호),35.325248,129.236612
동부산테마파크,부산광역시 기장군 기장읍 동부산관광로 34 ,35.19392038207416,129.21399989693612
광안수변공원,부산광역시 수영구 민락수변로 29 (민락동),35.153261,129.124656
수영역,부산광역시 수영구 수영로 671 (광안동),35.165730,129.114642
금련산역,부산광역시 수영구 수영로464번길 6 (남천동),35.147170,129.110500
광안비치,부산광역시 수영구 광안로62번길 39 (광안동),35.153039,129.117808
수영망미DT,부산광역시 수영구 과정로 68 (망미동),35.177411,129.107428
광안리,부산광역시 수영구 광안해변로 247 (민락동),35.15502782,129.1208407
남천,부산광역시 수영구 남천바다로 38 (남천동),35.14830649,129.1141711
스타필드명지,부산광역시 강서구 명지국제6로 168 스타필드 명지 1층,35.0934683,128.9174322
명지강변DT,부산광역시 강서구 르노삼성대로 620 (명지동),35.1026237,128.9294804
명지국제신도시,부산광역시 강서구 명지국제5로 42 (명지동),35.0979416,128.9199180
명지오션시티,부산광역시 강서구 명지오션시티11로 66 (명지동),35.084043,128.903135
명지퍼스트월드,"부산광역시 강서구 명지국제7로 37 (명지동, 더샵 명지퍼스트월드 2단지)",35.097486176649014,128.90749034450783
동래역,부산광역시 동래구 충렬대로181번길 42 ,35.205640,129.080038
명륜역,부산광역시 동래구 동래로 25 ,35.212443,129.078378
사직구장,부산광역시 동래구 사직북로 4 (사직동),35.195954,129.061289
부산안락DT,부산광역시 동래구 충렬대로 446 (안락동),35.1958595,129.10695409999994
동래미남DT,부산광역시 동래구 충렬대로 101 (온천동),35.2072439,129.0719664
부산사직,부산광역시 동래구 사직북로 24 (사직동),35.198093,129.060473
부산온천장역,"부산광역시 동래구 중앙대로 1523, SK허브스카이위아아파트 1층 (온천동)",35.221082,129.085506
부산동래,부산광역시 동래구 충렬대로 194 (명륜동),35.203031,129.080982
부산송도해수욕장,"부산광역시 서구 송도해변로 97(101,102,201) (암남동)",35.077315,129.017874
부민사거리,부산광역시 서구 구덕로 212 (부민동1가),35.103629,129.02022
부산동대신역,부산광역시 서구 구덕로322번길 7 (동대신동3가),35.112688,129.016686
동아대병원,부산광역시 서구 동대로 8 (동대신동3가),35.1195185,129.0172766
더해운대R,"부산광역시 해운대구 해운대해변로 197 (우동, 해운대경동제이드아파트)",35.158371,129.153065
수영강변DT,부산광역시 해운대구 수영강변대로 516 (반여동),35.203889,129.119336
센텀파크,"부산광역시 해운대구 센텀중앙로 145 (재송동, 더샵센텀파크1차아파트)",35.178759,129.122541
해운대역,부산광역시 해운대구 구남로 9 (우동),35.163246,129.159547
부산재송DT,부산광역시 해운대구 해운대로 189 (재송동),35.181271,129.12405
해운대,부산광역시 해운대구 구남로 49 (중동) 101호,35.159965,129.162124
센텀로,부산광역시 해운대구 센텀2로 10 (우동) 센텀메디컬센타 1층 스타벅스 센텀로점,35.1678356,129.13153920000002
센텀신세계B1,부산광역시 해운대구 센텀남대로 35 (우동) 센텀시티 신세계UEC,35.1687027,129.1297466
해운대달맞이DT,부산광역시 해운대구 달맞이길 57 (중동) 1~3층,35.1615043,129.1710436
센텀그린타워,부산광역시 해운대구 센텀중앙로 78 (우동),35.174668,129.126697
부산송정비치,부산광역시 해운대구 송정해변로 36 (송정동),35.1807279,129.20227690000001
장산역,부산광역시 해운대구 해운대로 802 (좌동),35.16914054,129.1766584
하버타운,부산광역시 해운대구 해운대해변로 257 (우동),35.15967926,129.1595078
벡스코,"부산광역시 해운대구 APEC로 55, 벡스코내 (우동)",35.16884711,129.1354444
베네시티,부산광역시 해운대구 해운대해변로 163 (우동),35.1582971,129.1501316
팔레드시즈,"부산광역시 해운대구 해운대해변로298번길 24, 팔래드시즈 1-3호, 2-3호 (중동)",35.1601225,129.1665774
블루스퀘어,부산광역시 해운대구 좌동로 96 (좌동),35.17229566,129.1755924
센텀시티역,"부산광역시 해운대구 센텀동로 9, 트럼프월드센텀아파트 1층 (우동)",35.169925,129.132271
제니스스퀘어,"부산광역시 해운대구 마린시티2로 33, 제니스스퀘어 (우동)",35.156657,129.144091
마린시티아이파크,부산광역시 해운대구 마린시티2로 38 (우동),35.1569194,129.1434995
해운대달맞이,부산광역시 해운대구 달맞이길 189 (중동),35.157925,129.182307
해운대이마트,부산광역시 해운대구 좌동순환로 511 (중동) 1층,35.166029,129.167397
센텀드림월드,"부산광역시 해운대구 센텀2로 25, 센텀드림월드 1층 (우동)",35.167027,129.132829
센텀KNN,부산광역시 해운대구 센텀서로 30 (우동),35.171765,129.128934
월드마크센텀,"부산광역시 해운대구 센텀동로 25, 1층 (우동)",35.17137,129.131112
해운대NC,부산광역시 해운대구 해운대로 813 (좌동),35.1705843,129.1770927
해운대좌동,부산광역시 해운대구 좌동순환로 178 (좌동),35.1775937,129.1755895
해운대 엑스더스카이,부산광역시 해운대구 달맞이길30 ,35.1599648,129.1697564
센텀신세계3F,부산광역시 해운대구 센텀남대로 35 (우동),35.16906348,129.12906568
해운대중동역,부산광역시 해운대구 좌동순환로 6 (중동),35.1671846,129.1678855
센텀몰1F,부산광역시 해운대구 센텀4로 15 (우동),35.16981023,129.12778297
그랜드조선 부산,부산광역시 해운대구 해운대해변로 292 (중동),35.1600338,129.1630512
울산번영로,울산광역시 남구 삼산로 182 (달동),35.537113,129.327221
울산대공원,울산광역시 남구 대공원입구로 4 (옥동),35.532330,129.293827
울산도산사거리DT,울산광역시 남구 대암로129번길 9-6 (야음동),35.531028,129.32974
울산시청사거리DT,울산광역시 남구 중앙로 180 (달동),35.537195,129.313617
울산남구청DT,울산광역시 남구 번영로 215 (신정동),35.5441545,129.32459960000006
울산중리사거리DT,울산광역시 남구 돋질로 310 (삼산동),35.543928,129.338651
울산옥동,울산광역시 남구 문수로 329 (옥동),35.5355131,129.28965070000004
울산센트럴,울산광역시 남구 삼산로 231 (달동),35.538827,129.332793
울산삼산타워,울산광역시 남구 삼산로 273 (삼산동) 삼산타워,35.539484,129.336761
울산삼산로,울산광역시 남구 삼산로 278 번길 8 (삼산동),35.5384838,129.3373025
울산대,울산광역시 남구 대학로84번길 5-3 (무거동),35.542467,129.260197
울산디자인거리,"울산광역시 남구 삼산중로74번길 30-1, 1~2층 (삼산동)",35.540501,129.33876
울산신복,울산광역시 남구 대학로 152 (무거동),35.547956,129.26287
울산삼산대로,"울산광역시 남구 삼산로 257, 1층 (달동)",35.539174,129.335097
울산신정DT,울산광역시 남구 문수로 435 (신정동),35.5336116,129.3011209
울산호계DT,울산광역시 북구 산업로 1464 (신천동),35.6379527,129.3452991
울산북구청DT,울산광역시 북구 산업로 1011 (연암동),35.583521,129.358882
울산진장,울산광역시 북구 진장17길 10 (진장동),35.562433,129.356469
울산정자비치DT,울산광역시 북구 동해안로 1601 (산하동),35.628685,129.440824
울산화봉,울산광역시 북구 화봉로 75 (화봉동),35.588615,129.367334
울산간절곶,울산광역시 울주군 서생면 대송리 25-18,35.3590048,129.3591978
울산MBC DT,울산광역시 중구 번영로 434 (복산동),35.561657,129.332358
울산성안,울산광역시 중구 성안12길 45 (성안동),35.577829,129.324413
울산성남삼거리,울산광역시 중구 젊음의2거리 33 (성남동),35.553215,129.320479
울산약사DT,울산광역시 중구 북부순환도로 754 (약사동),35.573151,129.337371
울산국가정원,울산광역시 중구 태화강국가정원길 205 (태화동),35.5501032,129.2973993
현대동구,울산광역시 동구 방어진순환도로 899 (서부동) 현대백화점주차장,35.52114999,129.4317341
울산테라스파크,울산광역시 동구 방어진순환도로 652 (일산동),35.499635,129.429599
울산대학교병원,울산광역시 동구 방어진순환도로 879 (서부동),35.521006,129.428655
현대동구5F,울산광역시 동구 방어진순환도로 899 (서부동),35.521660,129.431357
인천강화DT,인천광역시 강화군 강화읍 강화대로 343 ,37.7426,126.4916
경인교대입구역DT,인천광역시 계양구 계양대로 131 (작전동),37.5355197,126.7221530
인천계양,인천광역시 계양구 장제로 808 (계산동),37.5398491,126.7350019
인천작전,"인천광역시 계양구 계양대로 37, 1층 (작전동)",37.527064,126.721981
인천계산역DT,인천광역시 계양구 경명대로 1105 (계산동),37.543529,126.729828
계양BMW,인천광역시 계양구 서운산단로2길 6 (서운동) BMW 바바리안모터스,37.5322648,126.7564676
인천학익DT,인천광역시 미추홀구 매소홀로 368 (학익동),37.4403818,126.6627574
인천용현DT,인천광역시 미추홀구 아암대로 107 (용현동),37.4523373,126.6325809
주안역,"인천광역시 미추홀구 주안로 100 (주안동) 1층,2층",37.463837,126.68074
인하대,인천광역시 미추홀구 인하로 59 (용현동),37.451827,126.654969
제물포역DT,인천광역시 미추홀구 경인로 103 (숭의동),37.466522,126.654075
인천주안DT,인천광역시 미추홀구 인주대로 443 (주안동),37.4513564,126.6858992
인천도화DT,인천광역시 미추홀구 장고개로 28 (도화동),37.47055,126.66703
인하대역,인천광역시 미추홀구 독배로 309 (용현동),37.447795,126.649875
SSG랜더스필드2F,인천광역시 미추홀구 매소홀로 618 (문학동),37.436624,126.692362
SSG랜더스필드1F,인천광역시 미추홀구 매소홀로 618 (문학동),37.436624,126.692362
인천용일사거리DT,인천광역시 미추홀구 한나루로 525 (주안동),37.4536849988819,126.668272868558
송림트레이더스,"인천광역시 동구 봉수대로 82, 이마트 트레이더스송림점1층 (송림동)",37.48307,126.66043
인천갈산DT,인천광역시 부평구 장제로 371 (갈산동),37.5189106,126.7321159
인천삼산,인천광역시 부평구 길주로 643 (삼산동),37.507296,126.734181
부평사거리,"인천광역시 부평구 부평문화로 52, 1~2층 (부평동)",37.493886,126.721952
부평시장역,"인천광역시 부평구 부평대로 60, 현대해상화재보험 1층 (부평동)",37.496786,126.72307
부평,인천광역시 부평구 경원대로 1397 (부평동),37.49158659,126.7244861
동암역,"인천광역시 부평구 동암광장로 14, 1~2층 (십정동)",37.471537,126.702361
부평역,"인천광역시 부평구 경원대로 1377, 1-4층 (부평동)",37.491434,126.722134
부평GM,인천광역시 부평구 부평대로 233 (청천동),37.512313,126.710236
인천테크노밸리,인천광역시 부평구 주부토로 236 (갈산동),37.51499031498426,126.72650053682771
인천성모병원,인천광역시 부평구 동수로 56 (부평동),37.4851159,126.7258465
인천스퀘어원,인천광역시 연수구 청능대로 210 (동춘동),37.406269,126.683786
인천동춘DT,인천광역시 연수구 앵고개로 171 (동춘동),37.41243,126.664447
인천송도,"인천광역시 연수구 컨벤시아대로 55 (송도동, 송도이안)",37.397041,126.651825
송도트리플R,인천광역시 연수구 송도과학로16번길 33-1 (송도동),37.380763,126.659213
인천송도DT,인천광역시 연수구 하모니로 136 (송도동),37.384821,126.644284
인천연수,"인천광역시 연수구 용담로 115 (연수동) 105,106,203호",37.415072,126.677781
송도캠퍼스타운역,인천광역시 연수구 송도과학로27번길 55 (송도동) 롯데캠퍼스타운,37.387483,126.663494
송도커넬워크,인천광역시 연수구 아트센터대로 131 (송도동),37.399483,126.636786
송도센트럴파크,인천광역시 연수구 센트럴로 194 (송도동),37.39523,126.640539
연수이마트,인천광역시 연수구 경원대로 184 (동춘동),37.404386,126.681528
송도캐슬파크,인천광역시 연수구 인천타워대로132번길 9 (송도동),37.384756,126.640892
송도현대아울렛,인천광역시 연수구 송도국제대로 123 (송도동),37.381314,126.657929
송도컨벤시아대로DT,인천광역시 연수구 벤처로 10 (송도동),37.382706,126.636996
검단사거리역,인천광역시 서구 완정로 172 (마전동),37.6025256,126.6574188
인천청라센트럴,"인천광역시 서구 청라커낼로 300 (청라동, 청라센트럴에일린의뜰)",37.5343559,126.6492859
인천청라한신,인천광역시 서구 청라커낼로260번길 27 (청라동),37.532212,126.647401
인천당하DT,인천광역시 서구 원당대로 668 (당하동),37.593418,126.675556
인천청라타워돔,인천광역시 서구 중봉대로 612번길 10-17,37.533884,126.652098
인천서구청DT,인천광역시 서구 서곶로 277 (심곡동),37.5424157,126.67636
인천청라,인천광역시 서구 중봉대로 586번길 19,37.531852,126.652141
인천공촌DT,인천광역시 서구 경명대로694번길 2 (공촌동),37.55164,126.68534
인천청라DT,인천광역시 서구 국제대로 237 (청라동),37.541371,126.647081
부평삼거리역DT,인천광역시 남동구 경인로 750 (간석동),37.476788,126.710148
인천구월아시아드,인천광역시 남동구 인하로 556 (구월동),37.442715,126.708511
인천터미널사거리,인천광역시 남동구 예술로 126 (구월동),37.445260,126.700865
인천서창,"인천광역시 남동구 서창남로 51 (서창동) 101,102,103호",37.424128,126.749997
인천간석DT,인천광역시 남동구 경원대로 974 (간석동),37.469719,126.690745
인천예술회관역,인천광역시 남동구 예술로 174 (구월동) 흥국생명,37.449472,126.701438
구월로데오,"인천광역시 남동구 인하로 497-22, 2층 (구월동)",37.44420071,126.7021764
구월길병원,"인천광역시 남동구 남동대로 773, , 14 삼성화재 인천사옥 (구월동)",37.45167435,126.7074902
인천구월,"인천광역시 남동구 예술로 138 (구월동) 101,102,111,201,209호 일부,210호 일부",37.4462001,126.70099720000007
인천논현,"인천광역시 남동구 논고개로 93, 111,112, 206, 207호 (논현동)",37.39952,126.72492
간석중앙공원DT,인천광역시 남동구 경인로 563 (간석동),37.463301,126.700723
영종하늘도시,인천광역시 중구 하늘중앙로195번길 15 (중산동),37.489420,126.561460
인천공항T2출국,인천광역시 중구 공항로 272 (운서동),37.4691084,126.4346961
인천공항T2에어,인천광역시 중구 공항로 272 (운서동) 제2여객터미널 3층 탑승지역 25-235,37.465769,126.433126
인천공항T2입국,인천광역시 중구 공항로 272 (운서동) 제2여객터미널 1층 환영홀지역 23-202,37.46783,126.4323
영종도운서역,인천광역시 중구 신도시남로142번길 17 (운서동),37.493991,126.492667
인천공항중앙,인천광역시 중구 공항로 272 (운서동) 인천국제공항여객터미널 FB-P5-73,37.449611,126.450031
인천공항랜드,인천광역시 중구 공항로 272 (운서동) 인천공항,37.446784,126.452879
동해DT,강원도 동해시 중앙로 219 (천곡동),37.520193,129.114767
설악쏘라노,강원도 속초시 미시령로2983번길 111 (장사동),38.210590,128.528526
속초DT,강원도 속초시 동해대로 4114 (조양동),38.1898709,128.58441240000002
속초중앙로,강원도 속초시 중앙로 123 (금호동),38.202593,128.589453
속초교동DT,강원도 속초시 청대로 339 (교동),38.1966412,128.5718716
춘천구봉산R,강원도 춘천시 동면 순환대로 1154-63 ,37.888306,127.776182
춘천후평DT,강원도 춘천시 후석로 318 (후평동),37.879435,127.750579
춘천석사DT,강원도 춘천시 후석로 13 (석사동),37.856608,127.739326
춘천명동,강원도 춘천시 중앙로 57 (중앙로2가),37.87999215,127.7275212
춘천이마트,강원도 춘천시 경춘로 2353 (온의동) E-마트 춘천점내 1층,37.86381381,127.71833
강원대,강원도 춘천시 서부대성로 243-1 (효자동),37.872749,127.745062
춘천퇴계DT,강원도 춘천시 안마산로 95 (퇴계동),37.855291,127.726209
춘천온의,강원도 춘천시 방송길 104 (온의동),37.867636,127.720852
비발디파크,강원도 홍천군 서면 한치골길 262 ,37.645094,127.682234
오션월드,강원도 홍천군 서면 한치골길 262 ,37.648815,127.686053
강릉송정DT,강원도 강릉시 경강로 2400 (송정동),37.771851,128.922839
강릉강문해변,강원도 강릉시 창해로350번길 3 (강문동),37.794712,128.918555
강릉교동광장,강원도 강릉시 교동광장로 114 (교동),37.764312,128.877061
강릉중앙로,강원도 강릉시 경강로 2096 (임당동),37.7544531,128.8962224
강릉안목항,강원도 강릉시 창해로14번길 40 (견소동),37.771376,128.948725
강릉율곡DT,강원도 강릉시 율곡로 2996 (교동),37.7698839,128.8922189
소노델피노,강원도 고성군 토성면 미시령옛길 1153,38.212094,128.493948
원주반곡DT,강원도 원주시 동부순환로 37 (반곡동),37.319904,127.97157
원주명륜DT,강원도 원주시 남원로 588 (명륜동),37.335971,127.949754
원주무실,강원도 원주시 능라동길 73 (무실동),37.332972,127.930448
원주혁신도시,강원도 원주시 혁신로 61 (반곡동),37.323157,127.980611
원주터미널,강원도 원주시 서원대로 178 (단계동),37.343887,127.9311
원주단구DT,강원도 원주시 서원대로 443 (단구동),37.328515,127.953443
김해구산DT,경상남도 김해시 김해대로 1918 (구산동),35.255678,128.866418
김해진영DT,경상남도 김해시 진영읍 여래로20번길 34-26 ,35.3058947,128.7313911
신세계김해R,경상남도 김해시 김해대로 2232 신세계백화점 1층,35.229471,128.872823
김해이마트,경상남도 김해시 김해대로 2232 김해이마트 1층,35.229471,128.872823
김해대로DT,경상남도 김해시 김해대로 2465 ,35.227992,128.896545
김해외동DT,경상남도 김해시 분성로 146 (외동),35.2293661,128.86279760000002
김해율하,경상남도 김해시 율하카페길 77 (관동동) 1층,35.176597,128.812782
김해삼계,경상남도 김해시 가야로 182 (삼계동),35.261527,128.871614
김해내동,경상남도 김해시 경원로 67 (내동),35.2371519,128.86752079999996
김해주촌DT,경상남도 김해시 주촌면 선천로 99 ,35.235378,128.84415
김해가야로DT,경상남도 김해시 가야로 450 (동상동),35.2409026,128.8843414
장유율하,경상남도 김해시 율하6로 67 1층 105호 (장유동),35.17158031793282,128.82264103029556
김해율하신도시,경상남도 김해시 율하3로 32 (율하동),35.170945,128.813901
김해금관대로DT,경상남도 김해시 금관대로 1293 (내동),35.2400698,128.8612046
밀양DT,경상남도 밀양시 밀양대로 1792 (삼문동),35.4853274,128.7512487
경남사천DT,경상남도 사천시 사천읍 사천대로 1844 ,35.081409,128.083669
사천벌리,경상남도 사천시 주공로 31 (벌리동),34.9411367,128.0863809
진주평거,경상남도 진주시 진양호로 206 BYC빌딩1층,35.172324,128.060063
진주칠암DT,경상남도 진주시 진주대로829번길 2 (주약동),35.174907,128.092942
진주중안,경상남도 진주시 진양호로527번길 3 (중안동),35.192977,128.082987
진주신안,경상남도 진주시 진양호로 353 (신안동),35.184237,128.067852
진주경상대,경상남도 진주시 진주대로 510 (가좌동),35.15241245,128.1057139
진주혁신도시,경상남도 진주시 에나로127번길 30 (충무공동),35.180806,128.143995
경상대칠암캠퍼스,경상남도 진주시 동진로 22 (칠암동),35.1787,128.093582
마산회원DT,경상남도 창원시 마산회원구 3·15대로 518 (회원동),35.2206567,128.5744344
창원상남로,경상남도 창원시 성산구 상남로 88 (상남동),35.2213,128.6810
마산역DT,경상남도 창원시 마산회원구 3·15대로 715 (석전동),35.2362004,128.5805449
마산해안대로DT,경상남도 창원시 마산합포구 해안대로 383 (오동동),35.204197,128.580572
진해자은DT,경상남도 창원시 진해구 진해대로 962 (자은동),35.143793,128.706881
창원역DT,경상남도 창원시 의창구 의창대로 68 (팔용동),35.257066,128.607861
창원호계DT,경상남도 창원시 마산회원구 내서읍 호원로 315 ,35.261507,128.523036
창원마창대교,경상남도 창원시 성산구 삼귀로 159 (귀곡동),35.170623,128.597273
삼성창원병원,경상남도 창원시 마산회원구 팔용로 158 (합성동),35.242951,128.592019
마산터미널,경상남도 창원시 마산회원구 합성남로 6-1 (합성동),35.2381341,128.58327
창원상남사거리,경상남도 창원시 성산구 단정로 25,35.2201968,128.6834225
진해용원,경상남도 창원시 진해구 안골로 336 (용원동) 형제빌딩,35.101122,128.809896
창원팔용,경상남도 창원시 의창구 팔용로 419 (팔용동),35.254521,128.611915
창원리베라,경상남도 창원시 성산구 중앙대로100번길 9 (상남동),35.223387,128.680163
창원상남중앙,경상남도 창원시 성산구 마디미로 20 (상남동),35.222756,128.684363
창원상남동R,경상남도 창원시 성산구 상남로 132 (상남동),35.22446767,128.6839546
신세계마산,경상남도 창원시 마산합포구 합포로 251 (산호동) 신세계백화점 내 지하1층,35.21960023,128.5863581
창원시티세븐,경상남도 창원시 성산구 원이대로 320 (대원동),35.24025455,128.6527585
경남대,경상남도 창원시 마산합포구 월영남로 3 (해운동),35.178461,128.5586
창원용지호수,경상남도 창원시 성산구 용지로169번길 1 (용호동),35.229881,128.68189
마산월남동DT,경상남도 창원시 마산합포구 3·15대로 70 (월남동2가),35.186017487943346,128.5613020134848
마산봉암로DT,경상남도 창원시 마산회원구 봉양로 118 (봉암동),35.219082,128.599209
창원반림,경상남도 창원시 성산구 반송로 150 (반림동),35.2359692897466,128.671852378774
창원유니시티,경상남도 창원시 의창구 중동중앙로 47 (중동),35.256507,128.624929
창원NC파크R,"경상남도 창원시 마산회원구 삼호로 63 (양덕동), 창원NC파크",35.222648,128.582419
창원중앙역,경상남도 창원시 의창구 용동로 91 (사림동),35.238753,128.701406
진해장천,"경상남도 창원시 진해구 충장로 662 (장천동), [108호, 109호, 110호, 111호]",35.13066,128.70353
창원파티마병원,경상남도 창원시 의창구 창이대로 45 (명서동),35.23740,128.64592
창원내서,경상남도 창원시 마산회원구 내서읍 광려천서로 81 ,35.2490312214725,128.510681026083
통영이마트,경상남도 통영시 광도면 죽림4로 9 ,34.887148,128.418047
거제대로DT,경상남도 거제시 거제대로 4521 (수월동),34.894667,128.641559
거제고현,경상남도 거제시 거제중앙로 1936 (고현동),34.8907709,128.6221848
소노캄거제,경상남도 거제시 일운면 거제대로 2660 1층,34.843522,128.70264
거제옥포,경상남도 거제시 옥포대첩로 38 (옥포동),34.89353088,128.691816
디큐브거제,경상남도 거제시 장평로 12 (장평동),34.891009,128.616632
거제옥포DT,경상남도 거제시 거제대로 3718 (옥포동),34.88918,128.69154
남양산IC DT,경상남도 양산시 동면 양산대로 532 ,35.319987,129.030485
양산증산역,경상남도 양산시 물금읍 증산역로 177 ,35.310553,129.009815
양산가촌,경상남도 양산시 물금읍 야리로 25 ,35.317005,129.001429
양산덕계DT,경상남도 양산시 웅상대로 860 (덕계동),35.375986,129.155662
양산터미널,경상남도 양산시 양산역1길 7 (중부동) 양산시외버스터미널,35.3353404,129.02685
양산범어,경상남도 양산시 물금읍 범어로 62,35.329017,129.014136
양산이마트,"경상남도 양산시 양산역6길 12, 양산이마트 1층 (중부동)",35.337026,129.026484
경산중방DT,경상북도 경산시 경안로 222 (중방동),35.827736,128.736944
영남대아트센터,경상북도 경산시 대학로 280 (대동) 영남대학교,35.8321641,128.7518856
영남대중앙도서관,경상북도 경산시 대학로 280 (조영동) 영남대학교,35.8331655,128.7580143
영남대,"경상북도 경산시 청운로 16, 1~3층 (대동)",35.836968,128.753065
대구가톨릭대,경상북도 경산시 하양읍 하양로 18 ,35.907786,128.812463
경산이마트,경상북도 경산시 옥산로 227 (중산동) 경산이마트,35.83571847,128.7197969
대구대학교,경상북도 경산시 진량읍 대구대로 201 ,35.897261,128.848996
경산임당역DT,경상북도 경산시 대학로 208 (계양동),35.8335414,128.7454908
경산중산,"경상북도 경산시 펜타힐즈로 74 (중산동) 109호,110호,111호,112호",35.8303521,128.7197105
경산하양DT,경상북도 경산시 진량읍 대학로 1417 경상북도 경산시 진량읍 대학로 1417,35.904849,128.823882
경주보문,경상북도 경주시 보문로 537 (천군동),35.836607,129.284983
경주터미널DT,경상북도 경주시 태종로 686 (사정동),35.838226,129.203324
경주황성,경상북도 경주시 황성로1번길 4 (황성동),35.8638933,129.21298109999998
경주대릉원,경상북도 경주시 첨성로 125 (황남동),35.8339927,129.2149807
경주보문호수DT,경상북도 경주시 보문로 132-6 (북군동),35.8532391,129.2686877
경주중앙,경상북도 경주시 원효로 105-1 (노동동),35.842119,129.212469
경주보문로DT,"경상북도 경주시 보문로 510-6, 외 1번지(신평동 719-220) (천군동)",35.838831,129.285953
경주용강DT,경상북도 경주시 산업로 4350 (용강동),35.8677384570479,129.224454581086
구미상모DT,경상북도 구미시 금오대로 439 (상모동),36.0823172,128.35638470000003
구미도량DT,경상북도 구미시 야은로 312 (도량동),36.138474,128.316815
구미옥계,경상북도 구미시 옥계북로 20 (양포동),36.138285,128.419563
구미시청DT,경상북도 구미시 송정대로 27 (송정동),36.1176314,128.34160680000002
구미인의,경상북도 구미시 인동중앙로 15 (인의동),36.1069986,128.4207103
구미금오산DT,경상북도 구미시 금오산로 205 (남통동),36.12245,128.323746
구미,경상북도 구미시 구미중앙로 94 (원평동),36.12817066,128.3326941
구미인동,"경상북도 구미시 인동가산로 9-3, 노블레스타워 1층 (황상동)",36.10809343,128.4183751
구미공단,"경상북도 구미시 1공단로 212, HALLA SIGMA VALLEY 106 (공단동)",36.101533,128.385933
구미광평DT,경상북도 구미시 구미대로 188 (광평동),36.10374,128.36359
구미문성DT,경상북도 구미시 고아읍 들성로 207 ,36.160862,128.342911
구미확장단지,경상북도 구미시 산동읍 신당1로4길 19 ,36.155923,128.429900
포항쌍용DT,경상북도 포항시 남구 중흥로 122 (상도동),36.0155,129.352589
포항오천,경상북도 포항시 남구 오천읍 원동로 15,35.9642032,129.4027158
포항대이,경상북도 포항시 남구 포스코대로 124 (대잠동),36.025372,129.339307
포항이마트,"경상북도 포항시 남구 냉천로 10, 이마트 포항점 1층 (인덕동)",35.991402,129.398459
포항애비뉴,경상북도 포항시 남구 중흥로 77 (상도동) 밸류플러스복합빌딩,36.013016,129.34869
포항시청,경상북도 포항시 남구 시청로 5 (대잠동),36.018247,129.342089
포항세명기독병원,경상북도 포항시 남구 포스코대로 351 (대도동),36.017825,129.362026
포항포스코DT,경상북도 포항시 남구 동해안로6213번길 15-15 (동촌동),35.996969,129.388271
문경새재,경상북도 문경시 문경읍 새재로 906 ,36.759398,128.077572
김천구미역,경상북도 김천시 혁신3로 26 (율곡동),36.116366,128.181653
김천시청DT,경상북도 김천시 시청로 47 (대신동),36.132504,128.11759
안동이마트,경상북도 안동시 옥동1길 2 (옥동),36.558505,128.699308
안동병원,경상북도 안동시 앙실로 11 (수상동),36.547024,128.70064
안동시청,경상북도 안동시 서동문로 173 (삼산동),36.5663574,128.7311385
안동강변DT,경상북도 안동시 육사로 327 (법흥동),36.561867,128.739242
포항죽도DT,경상북도 포항시 북구 새천년대로 486 699-1 에스오일,36.018521,129.347918
포항장성DT,경상북도 포항시 북구 새천년대로 1255 (장성동),36.074535,129.384214
포항양덕,경상북도 포항시 북구 장량로 162 (양덕동),36.0815505,129.3981614
포항중앙,경상북도 포항시 북구 불종로 41 (신흥동),36.038713,129.364099
포항영일대비치,경상북도 포항시 북구 삼호로 186 (항구동),36.0549919,129.37698060000002
전남광양DT,전라남도 광양시 중마중앙로 143 ,34.94319620,127.69779243
광양LF,전라남도 광양시 광양읍 순광로 466 ,34.963281,127.566205
목포터미널DT,전라남도 목포시 영산로 495 (상동),34.8101683,126.4169697
목포하당,전라남도 목포시 백년대로 293 (상동),34.803958,126.419806
목포북항DT,전라남도 목포시 고하대로 694 (산정동),34.8086337,126.37326580000001
목포옥암,전라남도 목포시 백년대로375번길 1 (옥암동),34.807386,126.4272671
목포평화광장,전라남도 목포시 미항로 137 (상동),34.796986,126.43495
목포남악,전라남도 무안군 남악3로82번길 11,34.8131423,126.4617254
전남도청DT,전라남도 무안군 삼향읍 남악3로 54 ,34.810407,126.460422
순천연향,전라남도 순천시 연향번영길 118 (연향동),34.952252,127.518725
순천신대,전라남도 순천시 해룡면 향매로 99 ,34.933509,127.550306
순천호수공원,전라남도 순천시 왕지2길 17 (왕지동),34.968146,127.523261
순천조례,전라남도 순천시 비봉2길 9 (조례동),34.971612,127.520805
순천용당DT,전라남도 순천시 중앙로 398 (가곡동),34.9801606,127.4853980
순천이마트,전라남도 순천시 팔마로 191 (덕암동),34.9424196249689,127.508739614794
여수해양공원,전라남도 여수시 이순신광장로 192 (종화동),34.738437,127.744285
여수학동DT,전라남도 여수시 도원로 271 (학동),34.761510,127.660968
여수웅천,전라남도 여수시 예울마루로 37-53 (웅천동),34.746166,127.671046
여수둔덕DT,전라남도 여수시 좌수영로 482 (둔덕동),34.768947,127.697469
여수여서,전라남도 여수시 여문1로 49 (여서동),34.752883,127.704195
여수여천,전라남도 여수시 망마로 39 (학동),34.75984,127.667034
여수신월DT,전라남도 여수시 신월로 567 (신월동),34.72469427,127.70887073
여수마리나,전라남도 여수시 웅천로 134 (웅천동),34.74037053,127.67784699
전남화순DT,전라남도 화순군 화순읍 서양로 478 ,35.0685265672376,126.988766609482
전남나주,전라남도 나주시 상야1길 21 (빛가람동),35.022514,126.788058
나주혁신DT,전라남도 나주시 빛가람로 838 (빛가람동),35.021078,126.802196
익산모현,전라북도 익산시 선화로 106 (모현동1가),35.948353,126.942392
익산영등DT,전라북도 익산시 무왕로 1005 (영등동),35.959316,126.968766
익산영등,전라북도 익산시 무왕로 1052 (영등동),35.958206,126.973766
익산동산DT,전라북도 익산시 평동로 722 (동산동),35.929203191884,126.958252723202
전주송천DT,전라북도 전주시 덕진구 송천중앙로 228 (송천동2가),35.867469,127.121929
전북대병원DT,전라북도 전주시 덕진구 백제대로 616 (금암동),35.842014,127.137492
전주혁신도시,전라북도 전주시 덕진구 기지로 68 (중동),35.838110,127.059364
전주덕진광장DT,전라북도 전주시 덕진구 기린대로 491 (덕진동1가),35.842878,127.124205
전북대,전라북도 전주시 덕진구 명륜4길 12 (덕진동1가),35.8429149,127.12682289999998
전주에코시티,전라북도 전주시 덕진구 세병2길 10 (송천동2가),35.8730804271739,127.124589347394
전주인후DT,전라북도 전주시 덕진구 아중로 135 (인후동1가),35.825831,127.164394
전주호성DT,전라북도 전주시 덕진구 동부대로 860 (호성동1가),35.86343771221437,127.150815264746
전주IC DT,전라북도 전주시 덕진구 기린대로 1022 (여의동),35.8680183497423,127.074447294819
전주평화DT,전라북도 전주시 완산구 모악로 4696 (평화동2가),35.788482,127.131075
전주백제대로DT,전라북도 전주시 완산구 백제대로 242 (중화산동2가),35.814654,127.123414
전주효자DT,전라북도 전주시 완산구 용머리로 7 (효자동1가),35.8058839,127.11108430000001
전주서신,전라북도 전주시 완산구 서신로 104 (서신동),35.8345971,127.1161323
전주중화산,전라북도 전주시 완산구 유연로 288 (중화산동2가),35.82509530000001,127.11695480000003
전주홍산로,전라북도 전주시 완산구 홍산로 238 (효자동2가),35.8148784,127.1064483
전주한옥마을,전라북도 전주시 완산구 팔달로 123 (전동),35.8134452,127.1485323
전북도청,전라북도 전주시 완산구 홍산중앙로 22 (효자동3가),35.81559,127.109351
전주경원,전라북도 전주시 완산구 전주객사4길 44-18 (고사동),35.819775,127.144494
전주신시가지,전라북도 전주시 완산구 우전로 255 (효자동2가),35.817258,127.101759
전주효천DT,전라북도 전주시 완산구 천잠로 149 (효자동2가),35.8007884975074,127.099306207086
전북정읍DT,전라북도 정읍시 충정로 271 (수성동),35.570273,126.851701
군산나운DT,전라북도 군산시 하나운안2길 4 (나운동),35.962771,126.695586
군산수송,전라북도 군산시 수송로 195 (수송동),35.964213,126.717207
군산대,전라북도 군산시 황룡로 7 (미룡동),35.945739,126.685965
군산조촌DT,전라북도 군산시 번영로 133 (조촌동),35.9669574466243,126.734627249091
군산수송DT,전라북도 군산시 공단대로 243 (수송동),35.959044,126.714635
공주동학사DT,충청남도 공주시 반포면 동학사1로 114 ,36.3633600,127.2535628
공주신관,충청남도 공주시 번영1로 113 (신관동),36.474648,127.14003
공주DT,충청남도 공주시 무령로 467 (신관동),36.46815,127.14274
논산중앙,충청남도 논산시 중앙로398번길 13-10,36.2012496,127.0899058
논산내동DT,충청남도 논산시 시민로 165 (내동),36.182035,127.099790
충남보령DT,충청남도 보령시 대해로 101 (궁촌동),36.3408254,126.5893248
서산예천DT,충청남도 서산시 나무장1길 22 (예천동),36.771727,126.440171
서산호수,"충청남도 서산시 호수공원2로 33, 1~2층 (읍내동)",36.776653,126.448646
천안신부R,충청남도 천안시 동남구 만남로 43 (신부동) 아라리오갤러리,36.819309,127.157715
천안청당,충청남도 천안시 동남구 청수14로 102 (청당동),36.785895,127.157564
천안안서,충청남도 천안시 동남구 안서3길 3 (안서동),36.830087,127.179779
천안IC DT,충청남도 천안시 동남구 신부15길 3 (신부동),36.820250,127.161500
천안신부동,충청남도 천안시 동남구 만남로 9 (신안동),36.81917993,127.1529981
천안서북이마트,충청남도 천안시 서북구 삼성대로 20 (백석동),36.838876,127.122399
천안백석,충청남도 천안시 서북구 백석로 85-4 (백석동),36.823793,127.121751
천안불당DT,충청남도 천안시 서북구 불당34길 4 (불당동),36.805399,127.106090
천안서부대로DT,충청남도 천안시 서북구 서부대로 405 (쌍용동),36.8035728,127.12717999999995
천안두정역DT,충청남도 천안시 서북구 두정로 264 (두정동),36.83287887809728,127.14631562178056
천안시청,충청남도 천안시 서북구 불당22대로 67 (불당동),36.8165367,127.1065647
천안쌍용역,충청남도 천안시 서북구 충무로 133 (쌍용동),36.793123,127.122230
천안신불당,충청남도 천안시 서북구 불당33길 24 (불당동),36.812323,127.108287
천안성정DT,충청남도 천안시 서북구 동서대로 154 (성정동),36.8253941,127.1403512
천안불당,충청남도 천안시 서북구 불당4로 91 (불당동),36.8100104,127.1109606
천안두정,충청남도 천안시 서북구 부성4길 3 (부성1동),36.833981,127.134838
천안이마트,충청남도 천안시 서북구 충무로 187 (쌍용동) 천안이마트 1층,36.795879,127.127159
천안업성레이크,충청남도 천안시 서북구 업성수변로 69 (성성동),36.8455354220818,127.138131101768
충남도청,충청남도 홍성군 홍북읍 청사로150번길 24 ,36.657028,126.681598
계룡대로DT,충청남도 계룡시 엄사면 번영로 6 ,36.288381,127.244398
당진시곡DT,충청남도 당진시 서해로 6283 (시곡동),36.903029,126.683873
당진문예의전당,충청남도 당진시 시청1로 78 (읍내동) 1층,36.891205,126.638986
아산방축DT,충청남도 아산시 온천대로 1392 (방축동),36.783636,126.992786
아산배방,충청남도 아산시 배방읍 배방로 22 ,36.774872,127.053978
아산탕정,충청남도 아산시 탕정면 탕정면로 10 ,36.798663,127.058333
아산용화,충청남도 아산시 어의정로 117 (용화동),36.774397,127.008545
아산터미널,충청남도 아산시 번영로 232 (모종동),36.783865,127.0162904
아산권곡,충청남도 아산시 문화로 271-6 (권곡동) 101~105호,36.788475472035394,127.01595381798682
천안아산역,충청남도 아산시 배방읍 고속철대로 147 101~105호,36.797641,127.105792
충북증평,충청북도 증평군 증평읍 광장로 40 ,36.789084,127.578648
청주용암DT,충청북도 청주시 상당구 1순환로 1243 (용암동),36.607867,127.503945
청주용담DT,충청북도 청주시 상당구 산성로 129 (용담동),36.634172,127.50511
청주서문,충청북도 청주시 상당구 무심동로392번길 20 (서문동),36.635373,127.486041
충주호암DT,충청북도 충주시 중원대로 3245 (호암동),36.959262,127.923655
충주시청DT,충청북도 충주시 국원대로 208-1 (금릉동),36.9900658,127.9287563
충주터미널,충청북도 충주시 봉계13길 2 (봉방동),36.980662,127.915191
충주연수,충청북도 충주시 계명대로 227 (연수동),36.982721,127.939889
충주교현DT,충청북도 충주시 금봉대로 358 (교현동),36.9669539347259,127.947289361446
충북혁신도시,충청북도 음성군 맹동면 원중로 1416 ,36.908813,127.542587
제천DT,충청북도 제천시 의림대로 181 (중앙로2가),37.143691,128.213266
청주비하DT,충청북도 청주시 흥덕구 2순환로 1078 (비하동),36.638464273093284,127.42233788034252
청주오송,충청북도 청주시 흥덕구 오송읍 오송생명로 220 ,36.629921,127.33282
청주봉명DT,충청북도 청주시 흥덕구 1순환로 514 (봉명동),36.646765,127.464772
청주강서,충청북도 청주시 흥덕구 강서로 121 (강서동),36.625422,127.430108
청주지웰시티,충청북도 청주시 흥덕구 대농로 43 (복대동) 신영지웰시티 1차 상업시설,36.643359,127.427107
현대충청,충청북도 청주시 흥덕구 직지대로 308 (복대동),36.644407,127.426305
청주터미널,충청북도 청주시 흥덕구 풍산로 15 (가경동),36.626769,127.432035
청주복대지웰,충청북도 청주시 흥덕구 대농로 52 (복대동),36.64182,127.42812
청주이마트,충청북도 청주시 서원구 청남로 1853 (미평동),36.6011458,127.4746811
청주사직DT,충청북도 청주시 서원구 사직대로 302 (사직동),36.635848,127.481034
청주성화,충청북도 청주시 서원구 복대로 5 (개신동),36.6176114,127.44608549999998
충북대,충청북도 청주시 서원구 내수동로 113 (사창동),36.633965,127.459715
청주분평DT,충청북도 청주시 서원구 1순환로 1154 (분평동),36.605664,127.494821
오창호수공원,"충청북도 청주시 청원구 오창읍 중심상업1로 20 101,102,103,104호",36.712751,127.427283
청주율량DT,충청북도 청주시 청원구 충청대로107번길 8 (율량동),36.666230,127.493207
오창과학단지,충청북도 청주시 청원구 오창읍 과학산업2로 385 ,36.716466,127.423272
제주신화월드R,제주특별자치도 서귀포시 안덕면 신화역사로304번길 38 B1-29,33.306608,126.316714
제주에듀시티,제주특별자치도 서귀포시 대정읍 에듀시티로 36 ,33.291788,126.284407
제주성산DT,제주특별자치도 서귀포시 성산읍 일출로 80 ,33.449980,126.920605
제주중문DT,제주특별자치도 서귀포시 천제연로 95(색달동),33.2549983,126.41590589999998
제주송악산,제주특별자치도 서귀포시 대정읍 형제해안로 322,33.206799,126.290035
서귀포DT,제주특별자치도 서귀포시 일주서로 11 (강정동),33.2492775,126.50652289999993
성산일출봉,"제주특별자치도 서귀포시 성산읍 일출로 284-5 1,2층",33.462865,126.935544
제주중문,제주특별자치도 서귀포시 중문관광로110번길 32 (색달동),33.251128,126.412752
서귀포올레,제주특별자치도 서귀포시 중정로 69 (서귀동),33.2483024645772,126.563777617613
제주도남DT,제주특별자치도 제주시 연북로 394 (도남동),33.480565,126.523646
제주협재,제주특별자치도 제주시 한림읍 한림로 337 ,33.393839,126.240490
제주외도DT,제주특별자치도 제주시 일주서로 7300 (외도일동),33.492554,126.427169
제주삼화DT,제주특별자치도 제주시 연삼로 884 (도련일동),33.5117687,126.5804734
제주시청,제주특별자치도 제주시 중앙로 215 (이도이동),33.500516,126.529711
제주함덕,제주특별자치도 제주시 조천읍 조함해안로 522 ,33.542511,126.668567
제주노형공원,제주특별자치도 제주시 연북로 12 (노형동),33.481794,126.482523
제주애월DT,제주특별자치도 제주시 애월읍 애월해안로 376 ,33.472780,126.348739
제주칠성,제주특별자치도 제주시 관덕로 55 (일도일동),33.513349,126.5252435
제주노형,제주특별자치도 제주시 도령로 27 (노형동),33.4878111,126.4818612
제주용담DT,제주특별자치도 제주시 서해안로 380 (용담삼동) 화이트하우스,33.512345,126.484564
신제주이마트,"제주특별자치도 제주시 1100로 3348, 신제주이마트 1층 (노형동)",33.484959,126.480478
제주서해안로DT,제주특별자치도 제주시 서해안로 624 (용담삼동),33.5167857,126.5035553
제주일도DT,제주특별자치도 제주시 동광로 130 (일도이동),33.5073284,126.5408980
세종다정DT,세종특별자치시 다정북로 219 (다정동),36.494878,127.255384
세종보람,"세종특별자치시 한누리대로 2165 (보람동) A118,119,120,121,128,129,130,131",36.4773322231936,127.28651937895552
세종새롬,세종특별자치시  새롬중앙로 64 (새롬동),36.486896,127.250718
세종어진R,세종특별자치시  한누리대로 499 (어진동),36.508188,127.261188
세종종촌,세종특별자치시  도움3로 105-10 (종촌동) 성운프라자,36.5041123,127.2493812
세종첫마을,세종특별자치시  한누리대로 169 행복타워 1층,36.4803826,127.2617948
세종이마트,세종특별자치시 금송로 687(가람동 406) 이마트 세종점,36.4712189,127.2509973
세종청사,세종특별자치시  도움8로 81 (어진동),36.504565,127.270769
세종아름,"세종특별자치시 아름서1길 13-9 (아름동) 103,104,105,202,203호",36.51188,127.24277
세종소담,"세종특별자치시 소담3로 8 (소담동) 1동  12호,13호,14호,15호,15a호,16호",36.485755,127.300509
세종충남대학교병원,세종특별자치시 보듬7로 20 (도담동) 헬스케어센터 1층,36.51936,127.25828
